timestamp,class,confidence,x1,y1,x2,y2,center_x,center_y,box_w,box_h,pan_angle,tilt_angle
2026-08-09T15:08:25,fire,0.5601,259,292,326,384,292.5,338.0,67,92,89.7,91.6
2026-08-09T15:08:44,fire,0.5310,157,280,261,435,209.0,357.5,104,155,88.3,93.6
2026-08-09T15:08:46,fire,0.8560,241,0,506,124,373.5,62.0,265,124,88.9,90.6
2026-08-09T15:08:46,fire,0.7591,109,7,349,335,229.0,171.0,240,328,87.8,89.5
2026-08-09T15:08:47,fire,0.7269,2,149,313,479,157.5,314.0,311,330,85.8,90.7
2026-08-09T15:09:02,fire,0.6244,21,33,639,407,330.0,220.0,618,374,85.8,90.7
2026-08-09T15:09:03,fire,0.5753,91,0,634,276,362.5,138.0,543,276,86.3,89.0
2026-08-09T15:09:05,fire,0.9097,1,1,321,243,161.0,122.0,320,242,84.3,87.0
2026-08-09T15:09:06,fire,0.6479,233,107,604,464,418.5,285.5,371,357,85.5,87.8
2026-08-09T15:09:07,fire,0.7222,295,132,584,451,439.5,291.5,289,319,87.0,88.7
2026-08-09T15:09:08,fire,0.7610,299,127,588,454,443.5,290.5,289,327,88.6,89.5
2026-08-09T15:09:09,fire,0.7813,210,148,603,449,406.5,298.5,393,301,89.7,90.5
2026-08-09T15:09:10,fire,0.6505,466,125,639,402,552.5,263.5,173,277,92.6,90.5
2026-08-09T15:12:28,fire,0.5208,152,229,246,374,199.0,301.5,94,145,88.5,89.0
2026-08-09T15:12:29,fire,0.7075,61,329,168,479,114.5,404.0,107,150,85.9,86.2
2026-08-09T15:12:30,fire,0.7103,46,271,136,455,91.0,363.0,90,184,83.1,84.2
2026-08-09T15:12:32,fire,0.7781,12,256,113,452,62.5,354.0,101,196,79.8,82.3
2026-08-09T15:12:33,fire,0.8320,14,257,116,452,65.0,354.5,102,195,76.7,80.4
2026-08-09T15:12:34,fire,0.8669,20,261,122,449,71.0,355.0,102,188,73.5,78.5
2026-08-09T15:12:35,fire,0.5825,0,246,51,439,25.5,342.5,51,193,69.9,76.8
2026-08-09T15:12:48,fire,0.8205,245,172,382,426,313.5,299.0,137,254,69.9,75.8
2026-08-09T15:12:48,fire,0.7735,208,185,369,417,288.5,301.0,161,232,69.5,74.8
2026-08-09T15:12:49,fire,0.7845,218,185,371,407,294.5,296.0,153,222,69.1,73.8
2026-08-09T15:12:50,fire,0.7943,183,197,359,432,271.0,314.5,176,235,68.5,72.6
2026-08-09T15:12:51,fire,0.6934,208,205,358,428,283.0,316.5,150,223,68.1,71.3
2026-08-09T15:12:58,fire,0.4227,25,0,228,74,126.5,37.0,203,74,65.7,74.7
2026-08-09T15:13:33,fire,0.4554,410,143,519,267,464.5,205.0,109,124,67.5,75.3
2026-08-09T15:13:42,fire,0.8075,247,0,506,172,376.5,86.0,259,172,68.2,77.8
2026-08-09T15:13:43,fire,0.5285,138,85,427,433,282.5,259.0,289,348,67.7,77.8
2026-08-09T15:13:44,fire,0.5000,51,131,508,479,279.5,305.0,457,348,67.2,76.8
2026-08-09T15:13:45,fire,0.4933,225,12,476,352,350.5,182.0,251,340,67.6,77.7
2026-08-09T15:13:47,fire,0.6482,235,11,485,348,360.0,179.5,250,337,68.1,78.7
2026-08-09T15:14:00,fire,0.8341,86,198,138,248,112.0,223.0,52,50,65.5,78.7
2026-08-09T15:19:05,fire,0.4757,196,50,486,290,341.0,170.0,290,240,90.0,88.8
2026-08-09T15:19:07,fire,0.8506,207,259,372,479,289.5,369.0,165,220,90.4,91.0
2026-08-09T15:19:08,fire,0.8523,208,267,375,479,291.5,373.0,167,212,90.7,93.2
2026-08-09T15:19:23,fire,0.4175,194,207,484,479,339.0,343.0,290,272,90.7,94.9
2026-08-09T15:19:24,fire,0.4999,209,204,546,479,377.5,341.5,337,275,90.0,96.6
2026-08-09T15:19:25,fire,0.4724,187,206,516,479,351.5,342.5,329,273,89.6,98.3
2026-08-09T15:19:26,fire,0.4846,201,208,528,479,364.5,343.5,327,271,89.1,100.0
2026-08-09T15:22:35,fire,0.6709,96,296,412,479,254.0,387.5,316,183,90.8,92.5
2026-08-09T15:22:37,fire,0.4270,440,154,638,479,539.0,316.5,198,325,88.1,93.7
2026-08-09T15:22:39,fire,0.6300,450,158,638,479,544.0,318.5,188,321,85.3,95.0
2026-08-09T15:22:40,fire,0.5317,466,156,638,479,552.0,317.5,172,323,82.4,96.3
2026-08-09T15:22:41,fire,0.5437,467,155,638,479,552.5,317.0,171,324,79.5,97.6
2026-08-09T15:22:42,fire,0.5121,472,154,638,479,555.0,316.5,166,325,76.5,98.9
2026-08-09T15:22:43,fire,0.5889,470,155,638,479,554.0,317.0,168,324,73.6,100.2
2026-08-09T15:22:44,fire,0.4988,470,153,638,479,554.0,316.0,168,326,70.7,101.4
2026-08-09T15:22:49,fire,0.7790,579,354,639,479,609.0,416.5,60,125,67.1,104.4
2026-08-09T15:22:50,fire,0.4394,518,286,639,478,578.5,382.0,121,192,63.9,106.8
2026-08-09T15:22:51,fire,0.7161,497,289,639,479,568.0,384.0,142,190,60.8,109.2
2026-08-09T15:22:53,fire,0.8870,112,327,418,479,265.0,403.0,306,152,61.4,111.9
2026-08-09T15:22:54,fire,0.8854,113,327,419,479,266.0,403.0,306,152,62.1,114.6
2026-08-09T15:22:55,fire,0.8822,117,329,418,479,267.5,404.0,301,150,62.8,117.3
2026-08-09T15:22:56,fire,0.8975,115,330,418,479,266.5,404.5,303,149,63.4,120.1
2026-08-09T15:22:57,fire,0.9031,117,329,422,479,269.5,404.0,305,150,64.1,122.8
2026-08-09T15:22:58,fire,0.7892,392,352,638,479,515.0,415.5,246,127,61.6,125.7
2026-08-09T15:23:06,fire,0.4379,469,411,639,479,554.0,445.0,170,68,58.7,129.1
2026-08-09T15:23:13,fire,0.8919,330,277,543,479,436.5,378.0,213,202,57.3,131.4
2026-08-09T15:23:14,fire,0.8681,331,233,542,479,436.5,356.0,211,246,55.8,133.4
2026-08-09T15:23:16,fire,0.8038,70,143,474,440,272.0,291.5,404,297,56.4,134.2
2026-08-09T15:23:16,fire,0.8169,47,186,250,479,148.5,332.5,203,293,58.5,135.8
2026-08-09T15:23:17,fire,0.8396,61,208,251,479,156.0,343.5,190,271,60.6,137.5
2026-08-09T15:23:18,fire,0.8312,59,207,252,479,155.5,343.0,193,272,62.6,139.2
2026-08-09T15:23:20,fire,0.8290,410,148,639,472,524.5,310.0,229,324,60.1,140.4
2026-08-09T15:23:21,fire,0.7919,399,155,638,462,518.5,308.5,239,307,57.6,141.5
2026-08-09T15:23:21,fire,0.8319,305,190,508,479,406.5,334.5,203,289,56.5,143.1
2026-08-09T15:23:22,fire,0.8223,302,193,508,479,405.0,336.0,206,286,55.5,144.7
2026-08-09T15:23:26,fire,0.7067,356,209,586,456,471.0,332.5,230,247,53.6,146.2
2026-08-09T15:23:27,fire,0.7586,347,219,609,475,478.0,347.0,262,256,51.6,148.0
2026-08-09T15:23:28,fire,0.7794,331,208,572,466,451.5,337.0,241,258,50.0,149.6
2026-08-09T15:23:29,fire,0.8316,310,220,547,479,428.5,349.5,237,259,48.6,151.5
2026-08-09T15:23:29,fire,0.8395,339,226,598,479,468.5,352.5,259,253,46.7,153.3
2026-08-09T15:23:30,fire,0.8377,338,230,581,479,459.5,354.5,243,249,45.0,155.2
2026-08-09T15:23:31,fire,0.8352,337,232,576,479,456.5,355.5,239,247,43.3,157.2
2026-08-09T15:23:32,fire,0.8264,339,233,574,479,456.5,356.0,235,246,41.6,159.1
2026-08-09T15:23:33,fire,0.4105,296,254,586,478,441.0,366.0,290,224,40.1,161.2
2026-08-09T15:23:34,fire,0.7943,8,395,260,479,134.0,437.0,252,84,42.4,164.5
2026-08-09T15:23:38,fire,0.8442,99,284,351,479,225.0,381.5,252,195,43.6,166.8
2026-08-09T15:23:38,fire,0.8793,177,265,383,479,280.0,372.0,206,214,44.1,169.0
2026-08-09T15:23:39,fire,0.8863,89,234,339,479,214.0,356.5,250,245,45.4,171.0
2026-08-09T15:23:40,fire,0.8424,160,317,372,479,266.0,398.0,212,162,46.1,173.6
2026-08-09T15:23:41,fire,0.8754,159,308,375,479,267.0,393.5,216,171,46.8,176.2
2026-08-09T15:23:42,fire,0.8547,157,313,372,479,264.5,396.0,215,166,47.4,178.8
2026-08-09T15:23:43,fire,0.8591,85,306,318,479,201.5,392.5,233,173,48.9,180.0
2026-08-09T15:23:44,fire,0.8923,88,309,314,479,201.0,394.0,226,170,50.4,180.0
2026-08-09T15:23:44,fire,0.8568,93,311,316,479,204.5,395.0,223,168,51.9,180.0
2026-08-09T15:23:45,fire,0.8982,298,315,541,479,419.5,397.0,243,164,50.6,180.0
2026-08-09T15:23:46,fire,0.8829,300,313,544,479,422.0,396.0,244,166,49.3,180.0
2026-08-09T15:23:47,fire,0.8885,299,317,539,479,419.0,398.0,240,162,48.1,180.0
2026-08-09T15:23:48,fire,0.8963,300,316,540,479,420.0,397.5,240,163,46.9,180.0
2026-08-09T15:23:49,fire,0.8768,299,318,540,479,419.5,398.5,241,161,45.6,180.0
2026-08-09T15:23:52,fire,0.8899,296,334,522,479,409.0,406.5,226,145,44.5,180.0
2026-08-09T15:23:53,fire,0.6572,224,260,479,479,351.5,369.5,255,219,44.1,180.0
2026-08-09T15:23:53,fire,0.6325,146,192,439,479,292.5,335.5,293,287,44.4,180.0
2026-08-09T15:23:54,fire,0.7474,203,225,485,479,344.0,352.0,282,254,44.4,180.0
2026-08-09T15:23:55,fire,0.7650,246,226,486,479,366.0,352.5,240,253,43.9,180.0
2026-08-09T15:23:56,fire,0.7650,243,263,465,479,354.0,371.0,222,216,43.4,180.0
2026-08-09T15:23:57,fire,0.8767,292,283,516,479,404.0,381.0,224,196,42.4,180.0
2026-08-09T15:23:58,fire,0.9094,317,302,540,479,428.5,390.5,223,177,41.0,180.0
2026-08-09T15:23:59,fire,0.8950,312,306,534,479,423.0,392.5,222,173,39.8,180.0
2026-08-09T15:23:59,fire,0.8885,311,296,535,479,423.0,387.5,224,183,38.5,180.0
2026-08-09T15:24:00,fire,0.8490,312,276,558,479,435.0,377.5,246,203,37.0,180.0
2026-08-09T15:24:01,fire,0.8552,312,278,556,479,434.0,378.5,244,201,35.6,180.0
2026-08-09T15:24:05,fire,0.7487,0,223,71,476,35.5,349.5,71,253,39.2,180.0
2026-08-09T15:24:07,fire,0.7320,296,125,540,393,418.0,259.0,244,268,37.9,180.0
2026-08-09T15:24:08,fire,0.7978,326,124,542,394,434.0,259.0,216,270,36.5,180.0
2026-08-09T15:24:09,fire,0.8205,319,127,539,393,429.0,260.0,220,266,35.1,180.0
2026-08-09T15:24:09,fire,0.8386,294,131,541,398,417.5,264.5,247,267,33.9,180.0
2026-08-09T15:24:10,fire,0.8078,324,131,540,396,432.0,263.5,216,265,32.5,180.0
2026-08-09T15:24:11,fire,0.8296,311,136,543,398,427.0,267.0,232,262,31.2,180.0
2026-08-09T15:24:12,fire,0.8697,323,191,536,459,429.5,325.0,213,268,29.8,180.0
2026-08-09T15:24:13,fire,0.8553,324,193,538,461,431.0,327.0,214,268,28.4,180.0
2026-08-09T15:24:14,fire,0.8410,321,153,534,416,427.5,284.5,213,263,27.1,180.0
2026-08-09T15:24:15,fire,0.7663,178,212,466,479,322.0,345.5,288,267,27.1,180.0
2026-08-09T15:24:15,fire,0.7293,66,153,347,479,206.5,316.0,281,326,28.5,180.0
2026-08-09T15:24:19,fire,0.7301,0,147,120,470,60.0,308.5,120,323,31.8,180.0
2026-08-09T15:24:20,fire,0.7204,0,145,121,466,60.5,305.5,121,321,35.0,180.0
2026-08-09T15:24:21,fire,0.8495,0,272,130,479,65.0,375.5,130,207,38.2,180.0
2026-08-09T15:24:21,fire,0.4078,68,1,636,299,352.0,150.0,568,298,38.2,180.0
2026-08-09T15:24:22,fire,0.8461,68,288,393,479,230.5,383.5,325,191,39.3,180.0
2026-08-09T15:24:23,fire,0.8978,0,282,181,479,90.5,380.5,181,197,42.2,180.0
2026-08-09T15:24:23,fire,0.9008,0,281,182,479,91.0,380.0,182,198,45.0,180.0
2026-08-09T15:24:24,fire,0.9078,0,282,181,479,90.5,380.5,181,197,47.9,180.0
2026-08-09T15:24:25,fire,0.8921,0,285,182,479,91.0,382.0,182,194,50.8,180.0
2026-08-09T15:24:26,fire,0.9011,0,297,178,479,89.0,388.0,178,182,53.7,180.0
2026-08-09T15:24:27,fire,0.8724,0,399,169,479,84.5,439.0,169,80,56.6,180.0
2026-08-09T15:24:28,fire,0.8665,0,401,171,479,85.5,440.0,171,78,59.5,180.0
2026-08-09T15:24:29,fire,0.8434,266,361,513,479,389.5,420.0,247,118,58.7,180.0
2026-08-09T15:24:29,fire,0.8380,272,360,519,479,395.5,419.5,247,119,57.7,180.0
2026-08-09T15:24:30,fire,0.4083,310,444,480,479,395.0,461.5,170,35,56.8,180.0
2026-08-09T15:30:02,fire,0.6544,316,325,463,479,389.5,402.0,147,154,89.1,92.7
2026-08-09T15:30:03,fire,0.8637,192,160,340,388,266.0,274.0,148,228,89.8,93.3
2026-08-09T15:30:04,fire,0.8710,237,259,370,478,303.5,368.5,133,219,89.8,95.4
2026-08-09T15:30:04,fire,0.8820,244,262,373,479,308.5,370.5,129,217,89.8,97.6
2026-08-09T15:30:05,fire,0.8967,246,267,376,479,311.0,373.0,130,212,89.8,99.8
2026-08-09T15:30:06,fire,0.8879,247,269,376,479,311.5,374.0,129,210,89.8,102.0
2026-08-09T15:30:07,fire,0.8918,251,271,384,479,317.5,375.0,133,208,89.8,104.3
2026-08-09T15:30:08,fire,0.8975,255,271,384,478,319.5,374.5,129,207,89.8,106.5
2026-08-09T15:30:08,fire,0.8866,259,273,386,479,322.5,376.0,127,206,89.8,108.8
2026-08-09T15:30:09,fire,0.8886,260,273,387,478,323.5,375.5,127,205,89.8,111.0
2026-08-09T15:30:10,fire,0.8606,236,280,379,479,307.5,379.5,143,199,89.8,113.4
2026-08-09T15:30:15,fire,0.8574,0,408,159,479,79.5,443.5,159,71,92.8,116.8
2026-08-09T15:30:16,fire,0.8565,23,406,206,479,114.5,442.5,183,73,95.4,120.1
2026-08-09T15:30:16,fire,0.8186,37,400,220,479,128.5,439.5,183,79,97.8,123.5
2026-08-09T15:30:17,fire,0.8085,42,411,221,479,131.5,445.0,179,68,100.1,126.9
2026-08-09T15:30:18,fire,0.8064,41,410,221,479,131.0,444.5,180,69,102.5,130.3
2026-08-09T15:30:18,fire,0.8034,41,412,220,479,130.5,445.5,179,67,104.9,133.7
2026-08-09T15:30:19,fire,0.7657,38,413,217,479,127.5,446.0,179,66,107.3,137.2
2026-08-09T15:30:20,fire,0.7689,36,413,217,479,126.5,446.0,181,66,109.7,140.6
2026-08-09T15:30:21,fire,0.7718,37,412,218,479,127.5,445.5,181,67,112.1,144.0
2026-08-09T15:30:22,fire,0.7749,37,413,218,479,127.5,446.0,181,66,114.5,147.4
2026-08-09T15:30:22,fire,0.7742,38,413,219,479,128.5,446.0,181,66,116.9,150.9
2026-08-09T15:30:23,fire,0.7926,39,413,219,479,129.0,446.0,180,66,119.3,154.3
2026-08-09T15:30:24,fire,0.8460,47,403,227,479,137.0,441.0,180,76,121.6,157.7
2026-08-09T15:30:25,fire,0.5390,532,401,639,479,585.5,440.0,107,78,118.2,161.0
2026-08-09T15:30:25,fire,0.6445,558,365,639,479,598.5,422.0,81,114,114.8,164.0
2026-08-09T15:30:30,fire,0.7507,553,350,639,479,596.0,414.5,86,129,111.3,166.9
2026-08-09T15:31:15,fire,0.8888,412,297,631,479,521.5,388.0,219,182,87.5,92.5
2026-08-09T15:31:15,fire,0.8664,396,297,633,479,514.5,388.0,237,182,85.0,94.9
2026-08-09T15:31:16,fire,0.8869,376,312,595,479,485.5,395.5,219,167,83.0,97.5
2026-08-09T15:31:17,fire,0.8900,385,317,601,479,493.0,398.0,216,162,80.8,100.2
2026-08-09T15:31:18,fire,0.8943,386,324,600,479,493.0,401.5,214,155,78.7,102.9
2026-08-09T15:31:18,fire,0.9050,387,330,598,479,492.5,404.5,211,149,76.5,105.6
2026-08-09T15:31:19,fire,0.9006,386,331,594,479,490.0,405.0,208,148,74.4,108.3
2026-08-09T15:31:20,fire,0.8967,387,336,592,479,489.5,407.5,205,143,72.3,111.1
2026-08-09T15:31:21,fire,0.8884,387,337,589,479,488.0,408.0,202,142,70.2,113.9
2026-08-09T15:31:21,fire,0.8880,387,341,588,479,487.5,410.0,201,138,68.1,116.8
2026-08-09T15:31:22,fire,0.8754,383,343,584,479,483.5,411.0,201,136,66.0,119.6
2026-08-09T15:31:23,fire,0.8918,380,347,581,479,480.5,413.0,201,132,64.0,122.5
2026-08-09T15:31:38,fire,0.6820,501,405,637,479,569.0,442.0,136,74,60.9,125.9
2026-08-09T15:31:40,fire,0.6270,481,405,637,479,559.0,442.0,156,74,57.9,129.2
2026-08-09T15:31:41,fire,0.6391,478,410,627,479,552.5,444.5,149,69,55.0,132.6
2026-08-09T15:31:41,fire,0.7087,482,411,629,479,555.5,445.0,147,68,52.1,136.1
2026-08-09T15:31:42,fire,0.6319,484,421,626,479,555.0,450.0,142,58,49.1,139.6
2026-08-09T15:31:43,fire,0.7087,482,420,625,479,553.5,449.5,143,59,46.2,143.0
2026-08-09T15:31:44,fire,0.6627,481,421,626,479,553.5,450.0,145,58,43.3,146.5
2026-08-09T15:31:44,fire,0.6668,481,422,625,479,553.0,450.5,144,57,40.4,150.1
2026-08-09T15:31:45,fire,0.6953,484,423,625,479,554.5,451.0,141,56,37.4,153.6
2026-08-09T15:31:46,fire,0.6874,476,424,617,479,546.5,451.5,141,55,34.6,157.1
2026-08-09T15:31:46,fire,0.7774,476,423,619,479,547.5,451.0,143,56,31.8,160.6
2026-08-09T15:31:47,fire,0.7473,476,424,619,479,547.5,451.5,143,55,28.9,164.1
2026-08-09T15:31:48,fire,0.7679,476,424,620,479,548.0,451.5,144,55,26.1,167.7
2026-08-09T15:31:49,fire,0.7514,314,418,468,479,391.0,448.5,154,61,25.2,171.1
2026-08-09T15:31:52,fire,0.4218,441,345,639,479,540.0,412.0,198,134,22.4,174.0
2026-08-09T15:31:53,fire,0.4615,437,354,639,479,538.0,416.5,202,125,19.7,177.0
2026-08-09T15:31:55,fire,0.4278,438,345,639,479,538.5,412.0,201,134,17.0,179.8
2026-08-09T15:31:55,fire,0.5191,437,347,639,479,538.0,413.0,202,132,14.3,180.0
2026-08-09T15:31:57,fire,0.5673,436,351,639,479,537.5,415.0,203,128,11.5,180.0
2026-08-09T15:32:10,fire,0.7482,346,205,409,296,377.5,250.5,63,91,10.8,180.0
2026-08-09T15:32:11,fire,0.8359,349,203,407,298,378.0,250.5,58,95,10.1,180.0
2026-08-09T15:32:12,fire,0.6586,344,207,404,306,374.0,256.5,60,99,9.4,180.0
2026-08-09T15:32:47,fire,0.5463,440,383,485,468,462.5,425.5,45,85,7.6,180.0
2026-08-09T15:33:18,fire,0.7857,208,313,398,479,303.0,396.0,190,166,7.6,180.0
2026-08-09T15:33:18,fire,0.7845,201,248,380,478,290.5,363.0,179,230,8.0,180.0
2026-08-09T15:33:19,fire,0.7788,145,243,365,479,255.0,361.0,220,236,8.8,180.0
2026-08-09T15:33:20,fire,0.7854,139,245,373,478,256.0,361.5,234,233,9.6,180.0
2026-08-09T15:33:21,fire,0.7718,160,242,365,479,262.5,360.5,205,237,10.3,180.0
2026-08-09T15:33:21,fire,0.7174,146,241,366,479,256.0,360.0,220,238,11.1,180.0
2026-08-09T15:33:22,fire,0.7241,143,241,367,479,255.0,360.0,224,238,12.0,180.0
2026-08-09T15:33:23,fire,0.5886,0,193,126,436,63.0,314.5,126,243,15.2,180.0
2026-08-09T15:33:24,fire,0.8962,0,263,137,479,68.5,371.0,137,216,18.3,180.0
2026-08-09T15:33:24,fire,0.8929,0,234,164,477,82.0,355.5,164,243,21.3,180.0
2026-08-09T15:33:25,fire,0.8904,0,233,165,478,82.5,355.5,165,245,24.3,180.0
2026-08-09T15:33:26,fire,0.8944,0,231,168,476,84.0,353.5,168,245,27.2,180.0
2026-08-09T15:33:27,fire,0.8977,0,232,170,477,85.0,354.5,170,245,30.1,180.0
2026-08-09T15:33:27,fire,0.8868,0,229,171,476,85.5,352.5,171,247,33.1,180.0
2026-08-09T15:33:28,fire,0.8978,0,226,172,473,86.0,349.5,172,247,36.0,180.0
2026-08-09T15:33:29,fire,0.8936,0,223,176,468,88.0,345.5,176,245,38.9,180.0
2026-08-09T15:33:30,fire,0.9025,0,219,178,463,89.0,341.0,178,244,41.8,180.0
2026-08-09T15:33:30,fire,0.9048,0,218,180,463,90.0,340.5,180,245,44.7,180.0
2026-08-09T15:33:31,fire,0.8963,0,217,181,461,90.5,339.0,181,244,47.5,180.0
2026-08-09T15:33:32,fire,0.9112,2,216,182,457,92.0,336.5,180,241,50.4,180.0
2026-08-09T15:35:05,fire,0.8057,293,311,506,479,399.5,395.0,213,168,89.0,92.6
2026-08-09T15:35:06,fire,0.7717,305,370,493,479,399.0,424.5,188,109,88.0,95.7
2026-08-09T15:35:07,fire,0.7574,308,366,505,479,406.5,422.5,197,113,86.9,98.7
2026-08-09T15:35:08,fire,0.7609,289,379,477,479,383.0,429.0,188,100,86.2,101.9
2026-08-09T15:35:08,fire,0.7701,279,394,473,479,376.0,436.5,194,85,85.5,105.1
2026-08-09T15:35:10,fire,0.6873,484,435,612,479,548.0,457.0,128,44,82.6,108.7
2026-08-09T15:35:11,fire,0.7011,495,430,630,479,562.5,454.5,135,49,79.6,112.3
2026-08-09T15:35:11,fire,0.5632,497,428,633,479,565.0,453.5,136,51,76.5,115.9
2026-08-09T15:35:12,fire,0.8090,498,426,639,479,568.5,452.5,141,53,73.4,119.4
2026-08-09T15:35:13,fire,0.7230,501,426,639,479,570.0,452.5,138,53,70.3,123.0
2026-08-09T15:35:14,fire,0.7555,501,426,639,479,570.0,452.5,138,53,67.2,126.5
2026-08-09T15:35:14,fire,0.7654,501,426,639,479,570.0,452.5,138,53,64.0,130.0
2026-08-09T15:35:15,fire,0.7438,502,425,638,479,570.0,452.0,136,54,60.9,133.6
2026-08-09T15:35:16,fire,0.8128,503,425,638,479,570.5,452.0,135,54,57.8,137.1
2026-08-09T15:35:17,fire,0.8061,502,425,639,479,570.5,452.0,137,54,54.6,140.6
2026-08-09T15:35:17,fire,0.5278,414,441,529,479,471.5,460.0,115,38,52.7,144.3
2026-08-09T15:35:18,fire,0.6976,422,442,533,479,477.5,460.5,111,37,50.8,148.0
2026-08-09T15:35:19,fire,0.6730,435,434,547,479,491.0,456.5,112,45,48.6,151.6
2026-08-09T15:35:20,fire,0.7154,425,442,538,479,481.5,460.5,113,37,46.6,155.3
2026-08-09T15:35:20,fire,0.6477,419,446,526,479,472.5,462.5,107,33,44.7,159.0
2026-08-09T15:40:52,fire,0.8922,83,263,347,479,215.0,371.0,264,216,91.3,92.2
2026-08-09T15:40:53,fire,0.8007,309,376,497,479,403.0,427.5,188,103,90.3,95.3
2026-08-09T15:40:53,fire,0.8364,288,342,482,479,385.0,410.5,194,137,89.5,98.2
2026-08-09T15:40:55,fire,0.7484,287,352,472,479,379.5,415.5,185,127,88.7,101.1
2026-08-09T15:40:55,fire,0.7344,288,344,476,479,382.0,411.5,188,135,87.9,103.9
2026-08-09T15:40:56,fire,0.8080,291,374,476,479,383.5,426.5,185,105,87.1,107.0
2026-08-09T15:40:57,fire,0.7739,292,371,478,479,385.0,425.0,186,108,86.3,110.1
2026-08-09T15:40:58,fire,0.7001,292,357,478,479,385.0,418.0,186,122,85.5,113.1
2026-08-09T15:40:58,fire,0.8647,474,394,639,479,556.5,436.5,165,85,82.6,116.4
2026-08-09T15:41:07,fire,0.8040,533,422,638,479,585.5,450.5,105,57,79.2,119.9
2026-08-09T15:41:08,fire,0.7797,535,416,639,479,587.0,447.5,104,63,75.9,123.3
2026-08-09T15:41:09,fire,0.8399,535,419,639,479,587.0,449.0,104,60,72.6,126.8
2026-08-09T15:41:10,fire,0.8206,538,420,639,479,588.5,449.5,101,59,69.2,130.3
2026-08-09T15:41:10,fire,0.5499,453,456,576,479,514.5,467.5,123,23,66.8,134.1
2026-08-09T15:44:10,fire,0.8758,309,333,538,479,423.5,406.0,229,146,88.7,92.8,False
2026-08-09T15:44:11,fire,0.8417,343,201,539,451,441.0,326.0,196,250,87.2,94.2,False
2026-08-09T15:44:12,fire,0.8134,328,211,532,462,430.0,336.5,204,251,85.8,95.8,False
2026-08-09T15:44:12,fire,0.8013,329,220,531,471,430.0,345.5,202,251,84.4,97.6,False
2026-08-09T15:44:13,fire,0.8120,328,219,532,469,430.0,344.0,204,250,83.1,99.3,False
2026-08-09T15:44:14,fire,0.8162,328,220,532,469,430.0,344.5,204,249,81.7,101.0,False
2026-08-09T15:44:15,fire,0.7778,311,366,487,479,399.0,422.5,176,113,80.7,104.1,False
2026-08-09T15:44:15,fire,0.7590,315,364,490,479,402.5,421.5,175,115,79.7,107.1,False
2026-08-09T15:44:16,fire,0.8033,313,368,489,479,401.0,423.5,176,111,78.7,110.2,False
2026-08-09T15:44:17,fire,0.7709,314,366,489,479,401.5,422.5,175,113,77.6,113.2,False
2026-08-09T15:44:18,fire,0.7734,312,366,490,479,401.0,422.5,178,113,76.6,116.3,False
2026-08-09T15:44:18,fire,0.7958,311,361,491,479,401.0,420.0,180,118,75.6,119.3,False
2026-08-09T15:44:19,fire,0.8493,466,358,638,479,552.0,418.5,172,121,72.7,122.2,False
2026-08-09T15:44:20,fire,0.8412,465,360,637,479,551.0,419.5,172,119,69.8,125.2,False
2026-08-09T15:44:21,fire,0.8389,474,353,639,479,556.5,416.0,165,126,66.9,128.2,False
2026-08-09T15:44:21,fire,0.8379,474,351,639,479,556.5,415.0,165,128,63.9,131.1,False
2026-08-09T15:44:22,fire,0.8415,476,364,637,479,556.5,421.5,161,115,61.0,134.1,False
2026-08-09T15:44:23,fire,0.8947,521,321,639,479,580.0,400.0,118,158,57.7,136.8,False
2026-08-09T15:44:24,fire,0.6494,584,250,639,369,611.5,309.5,55,119,54.1,137.9,False
2026-08-09T15:44:24,fire,0.6371,583,253,639,370,611.0,311.5,56,117,50.4,139.1,False
2026-08-09T15:44:25,fire,0.8397,180,252,401,479,290.5,365.5,221,227,50.8,141.2,False
2026-08-09T15:44:26,fire,0.8649,159,291,363,479,261.0,385.0,204,188,51.5,143.6,False
2026-08-09T15:44:27,fire,0.8684,147,290,355,479,251.0,384.5,208,189,52.4,146.0,False
2026-08-09T15:44:27,fire,0.8503,151,278,358,479,254.5,378.5,207,201,53.2,148.3,False
2026-08-09T15:44:28,fire,0.8528,158,274,366,479,262.0,376.5,208,205,53.9,150.6,False
2026-08-09T15:44:29,fire,0.8910,0,254,193,479,96.5,366.5,193,225,56.7,152.7,False
2026-08-09T15:44:30,fire,0.8907,0,260,193,479,96.5,369.5,193,219,59.5,154.9,False
2026-08-09T15:44:30,fire,0.8879,0,258,191,479,95.5,368.5,191,221,62.3,157.0,False
2026-08-09T15:44:31,fire,0.8812,0,255,192,479,96.0,367.0,192,224,65.1,159.1,False
2026-08-09T15:44:32,fire,0.8788,0,246,189,479,94.5,362.5,189,233,68.0,161.2,False
2026-08-09T15:44:33,fire,0.6438,0,360,51,479,25.5,419.5,51,119,71.6,164.2,False
2026-08-09T15:44:35,fire,0.8416,137,246,345,479,241.0,362.5,208,233,72.6,166.2,False
2026-08-09T15:44:35,fire,0.7820,131,235,346,479,238.5,357.0,215,244,73.6,168.2,False
2026-08-09T15:44:36,fire,0.8537,113,236,340,479,226.5,357.5,227,243,74.8,170.1,False
2026-08-09T15:44:37,fire,0.8685,23,296,293,479,158.0,387.5,270,183,76.8,172.6,False
2026-08-09T15:44:38,fire,0.7899,455,68,639,214,547.0,141.0,184,146,74.0,170.9,False
2026-08-09T15:46:35,fire,0.8028,397,311,638,479,517.5,395.0,241,168,87.5,92.6,False
2026-08-09T15:46:36,fire,0.8919,350,295,583,479,466.5,387.0,233,184,85.7,95.0,False
2026-08-09T15:46:36,fire,0.8620,357,286,580,479,468.5,382.5,223,193,83.8,97.4,False
2026-08-09T15:46:37,fire,0.8702,357,285,582,479,469.5,382.0,225,194,82.0,99.8,False
2026-08-09T15:46:38,fire,0.8675,358,286,586,479,472.0,382.5,228,193,80.1,102.1,False
2026-08-09T15:46:39,fire,0.9013,482,315,639,479,560.5,397.0,157,164,77.1,104.8,False
2026-08-09T15:46:39,fire,0.9016,487,314,639,479,563.0,396.5,152,165,74.0,107.4,False
2026-08-09T15:46:40,fire,0.9016,487,314,639,479,563.0,396.5,152,165,71.0,110.0,False
2026-08-09T15:46:41,fire,0.9051,488,314,639,479,563.5,396.5,151,165,68.0,112.6,False
2026-08-09T15:46:42,fire,0.9140,469,321,639,479,554.0,400.0,170,158,65.0,115.3,False
2026-08-09T15:46:42,fire,0.8979,162,283,374,479,268.0,381.0,212,196,65.7,117.6,False
2026-08-09T15:46:43,fire,0.8759,161,281,375,479,268.0,380.0,214,198,66.3,119.9,False
2026-08-09T15:46:44,fire,0.8814,157,283,373,479,265.0,381.0,216,196,67.0,122.3,False
2026-08-09T15:46:45,fire,0.8869,157,285,372,479,264.5,382.0,215,194,67.7,124.7,False
2026-08-09T15:46:45,fire,0.8851,43,268,260,479,151.5,373.5,217,211,69.8,126.9,False
2026-08-09T15:46:46,fire,0.9114,52,311,249,479,150.5,395.0,197,168,71.9,129.5,False
2026-08-09T15:46:47,fire,0.9014,46,307,248,479,147.0,393.0,202,172,74.1,132.0,False
2026-08-09T15:46:48,fire,0.8998,45,306,248,479,146.5,392.5,203,173,76.3,134.6,False
2026-08-09T15:46:48,fire,0.8278,0,286,107,479,53.5,382.5,107,193,79.6,136.9,False
2026-08-09T15:46:49,fire,0.8075,0,327,98,479,49.0,403.0,98,152,83.0,139.6,False
2026-08-09T15:46:50,fire,0.8058,0,348,98,479,49.0,413.5,98,131,86.4,142.5,False
2026-08-09T15:46:51,fire,0.8532,0,354,97,479,48.5,416.5,97,125,89.8,145.5,False
2026-08-09T15:46:52,fire,0.8333,0,351,95,479,47.5,415.0,95,128,93.2,148.4,False
2026-08-09T15:59:28,fire,0.9040,64,187,258,473,161.0,330.0,194,286,92.0,91.5,False
2026-08-09T15:59:29,fire,0.8598,0,306,93,479,46.5,392.5,93,173,95.4,94.0,False
2026-08-09T15:59:34,fire,0.8156,223,383,339,479,281.0,431.0,116,96,95.9,97.2,False
2026-08-09T15:59:34,fire,0.8330,233,382,334,479,283.5,430.5,101,97,96.3,100.4,False
2026-08-09T15:59:35,fire,0.8762,170,383,269,479,219.5,431.0,99,96,97.6,103.6,False
2026-08-09T15:59:45,fire,0.5989,317,443,480,479,398.5,461.0,163,36,96.6,107.3,False
2026-08-09T16:04:16,fire,0.8624,239,286,427,479,333.0,382.5,188,193,90.0,92.4,False
2026-08-09T16:04:17,fire,0.7462,162,436,284,479,223.0,457.5,122,43,91.2,96.0,False
2026-08-09T16:04:18,fire,0.6811,153,448,269,479,211.0,463.5,116,31,92.6,99.7,False
2026-08-09T16:04:19,fire,0.6649,153,445,271,479,212.0,462.0,118,34,93.9,103.4,False
2026-08-09T16:04:19,fire,0.6572,153,445,270,479,211.5,462.0,117,34,95.3,107.1,False
2026-08-09T16:04:20,fire,0.8056,152,231,385,479,268.5,355.0,233,248,95.9,109.0,False
2026-08-09T16:04:21,fire,0.7273,161,186,383,479,272.0,332.5,222,293,96.5,110.6,False
2026-08-09T16:04:22,fire,0.7627,159,188,382,479,270.5,333.5,223,291,97.1,112.1,False
2026-08-09T16:04:22,fire,0.7986,158,189,381,479,269.5,334.0,223,290,97.8,113.7,False
2026-08-09T16:04:23,fire,0.8087,158,190,381,479,269.5,334.5,223,289,98.4,115.3,False
2026-08-09T16:04:24,fire,0.7149,151,356,330,479,240.5,417.5,179,123,99.4,118.2,False
2026-08-09T16:04:25,fire,0.8223,146,361,329,479,237.5,420.0,183,118,100.4,121.2,False
2026-08-09T16:04:25,fire,0.8615,149,322,358,479,253.5,400.5,209,157,101.3,123.9,False
2026-08-09T16:04:26,fire,0.8745,148,324,354,479,251.0,401.5,206,155,102.1,126.6,False
2026-08-09T16:04:27,fire,0.8824,148,324,353,479,250.5,401.5,205,155,103.0,129.3,False
2026-08-09T16:04:28,fire,0.7840,142,134,379,448,260.5,291.0,237,314,103.7,130.2,False
2026-08-09T16:04:28,fire,0.5236,139,445,260,479,199.5,462.0,121,34,105.2,133.8,False
2026-08-09T16:04:29,fire,0.6252,138,446,259,479,198.5,462.5,121,33,106.8,137.6,False
2026-08-09T16:04:30,fire,0.6283,139,446,259,479,199.0,462.5,120,33,108.3,141.3,False
2026-08-09T16:04:30,fire,0.6194,138,446,259,479,198.5,462.5,121,33,109.8,145.0,False
2026-08-09T16:04:31,fire,0.6148,138,446,258,479,198.0,462.5,120,33,111.3,148.7,False
2026-08-09T16:04:32,fire,0.6512,136,446,257,479,196.5,462.5,121,33,112.9,152.4,False
2026-08-09T16:04:34,fire,0.7031,151,156,384,471,267.5,313.5,233,315,113.5,153.6,False
2026-08-09T16:04:35,fire,0.7531,150,156,384,471,267.0,313.5,234,315,114.2,154.8,False
2026-08-09T16:04:35,fire,0.7627,150,156,385,471,267.5,313.5,235,315,114.8,156.1,False
2026-08-09T16:04:36,fire,0.7525,141,141,374,466,257.5,303.5,233,325,115.6,157.1,False
2026-08-09T16:04:37,fire,0.7683,49,268,377,479,213.0,373.5,328,211,117.0,159.4,False
2026-08-09T16:04:38,fire,0.7218,145,140,386,472,265.5,306.0,241,332,117.6,160.5,False
2026-08-09T16:04:38,fire,0.6902,142,141,381,448,261.5,294.5,239,307,118.4,161.4,False
2026-08-09T16:04:39,fire,0.6969,144,139,387,472,265.5,305.5,243,333,119.1,162.5,False
2026-08-09T16:04:40,fire,0.7036,142,139,387,472,264.5,305.5,245,333,119.7,163.5,False
2026-08-09T16:04:41,fire,0.7039,142,402,291,479,216.5,440.5,149,77,121.0,166.9,False
2026-08-09T16:04:42,fire,0.6655,132,404,283,479,207.5,441.5,151,75,122.4,170.2,False
2026-08-09T16:04:42,fire,0.8348,143,269,362,479,252.5,374.0,219,210,123.3,172.5,False
2026-08-09T16:05:00,fire,0.4469,0,455,102,479,51.0,467.0,102,24,126.7,176.3,False
2026-08-09T16:05:00,fire,0.6029,0,438,97,479,48.5,458.5,97,41,130.0,179.9,False
2026-08-09T16:05:01,fire,0.7130,0,434,104,479,52.0,456.5,104,45,133.4,180.0,False
2026-08-09T16:05:02,fire,0.6352,0,433,107,479,53.5,456.0,107,46,136.7,180.0,False
2026-08-09T16:05:02,fire,0.6523,0,434,97,479,48.5,456.5,97,45,140.1,180.0,False
2026-08-09T16:05:03,fire,0.6777,0,436,99,479,49.5,457.5,99,43,143.5,180.0,False
2026-08-09T16:05:04,fire,0.6532,0,435,104,479,52.0,457.0,104,44,146.9,180.0,False
2026-08-09T16:05:05,fire,0.6738,0,435,103,479,51.5,457.0,103,44,150.2,180.0,False
2026-08-09T16:05:05,fire,0.7185,0,436,100,479,50.0,457.5,100,43,153.6,180.0,False
2026-08-09T16:05:06,fire,0.6998,0,433,104,479,52.0,456.0,104,46,156.9,180.0,False
2026-08-09T16:05:07,fire,0.4298,0,442,94,479,47.0,460.5,94,37,160.3,180.0,False
2026-08-09T16:05:08,fire,0.7246,0,430,81,479,40.5,454.5,81,49,163.8,180.0,False
2026-08-09T16:05:08,fire,0.8199,0,367,127,479,63.5,423.0,127,112,167.0,180.0,False
2026-08-09T16:05:09,fire,0.6069,0,399,47,479,23.5,439.0,47,80,170.8,180.0,False
2026-08-09T16:05:10,fire,0.7912,0,45,95,332,47.5,188.5,95,287,174.2,179.1,False
2026-08-09T16:05:11,fire,0.7756,0,45,95,326,47.5,185.5,95,281,177.6,178.2,False
2026-08-09T16:05:12,fire,0.7470,0,30,96,332,48.0,181.0,96,302,180.0,177.3,False
2026-08-09T16:05:13,fire,0.4836,0,301,79,479,39.5,390.0,79,178,180.0,179.8,False
2026-08-09T16:05:17,fire,0.8379,1,271,218,479,109.5,375.0,217,208,180.0,180.0,False
2026-08-09T16:05:18,fire,0.8859,2,274,214,479,108.0,376.5,212,205,180.0,180.0,False
2026-08-09T16:05:19,fire,0.8913,2,275,213,479,107.5,377.0,211,204,180.0,180.0,False
2026-08-09T16:05:20,fire,0.8855,2,276,210,479,106.0,377.5,208,203,180.0,180.0,False
2026-08-09T16:05:20,fire,0.8805,2,276,208,479,105.0,377.5,206,203,180.0,180.0,False
2026-08-09T16:05:21,fire,0.8944,3,275,214,479,108.5,377.0,211,204,180.0,180.0,False
2026-08-09T16:05:22,fire,0.8942,2,275,214,479,108.0,377.0,212,204,180.0,180.0,False
2026-08-09T16:05:23,fire,0.8874,3,276,214,479,108.5,377.5,211,203,180.0,180.0,False
2026-08-09T16:05:23,fire,0.8804,3,276,214,479,108.5,377.5,211,203,180.0,180.0,False
2026-08-09T16:05:24,fire,0.8962,2,277,210,479,106.0,378.0,208,202,180.0,180.0,False
2026-08-09T16:05:25,fire,0.8852,0,294,178,479,89.0,386.5,178,185,180.0,180.0,False
2026-08-09T16:05:26,fire,0.9039,0,301,170,479,85.0,390.0,170,178,180.0,180.0,False
2026-08-09T16:05:26,fire,0.8869,0,337,132,479,66.0,408.0,132,142,180.0,180.0,False
2026-08-09T16:05:27,fire,0.8917,0,332,140,479,70.0,405.5,140,147,180.0,180.0,False
2026-08-09T16:05:28,fire,0.8775,0,340,128,479,64.0,409.5,128,139,180.0,180.0,False
2026-08-09T16:05:29,fire,0.8864,0,337,125,479,62.5,408.0,125,142,180.0,180.0,False
2026-08-09T16:05:29,fire,0.8922,0,335,129,479,64.5,407.0,129,144,180.0,180.0,False
2026-08-09T16:05:30,fire,0.8940,0,337,129,479,64.5,408.0,129,142,180.0,180.0,False
2026-08-09T16:05:31,fire,0.7473,46,225,339,478,192.5,351.5,293,253,180.0,180.0,False
2026-08-09T16:05:32,fire,0.4095,539,456,595,479,567.0,467.5,56,23,176.9,180.0,False
2026-08-09T16:05:36,fire,0.6392,536,383,639,479,587.5,431.0,103,96,173.6,180.0,False
2026-08-09T16:05:36,fire,0.7958,531,383,639,479,585.0,431.0,108,96,170.3,180.0,False
2026-08-09T16:05:38,fire,0.5400,533,385,639,479,586.0,432.0,106,94,166.9,180.0,False
2026-08-09T16:05:40,fire,0.7083,542,389,639,479,590.5,434.0,97,90,163.6,180.0,False
2026-08-09T16:05:48,fire,0.6408,196,166,352,442,274.0,304.0,156,276,164.1,180.0,False
2026-08-09T16:05:48,fire,0.7440,226,170,387,467,306.5,318.5,161,297,164.1,180.0,False
2026-08-09T16:05:49,fire,0.7152,227,164,387,466,307.0,315.0,160,302,164.1,180.0,False
2026-08-09T16:05:50,fire,0.7681,226,164,387,465,306.5,314.5,161,301,164.1,180.0,False
2026-08-09T16:05:51,fire,0.7600,226,164,387,467,306.5,315.5,161,303,164.1,180.0,False
2026-08-09T16:05:54,fire,0.7890,223,207,386,479,304.5,343.0,163,272,164.3,180.0,False
2026-08-09T16:05:54,fire,0.7947,224,198,385,479,304.5,338.5,161,281,164.5,180.0,False
2026-08-09T16:05:55,fire,0.8232,217,185,377,461,297.0,323.0,160,276,164.8,180.0,False
2026-08-09T16:05:56,fire,0.9112,224,0,358,137,291.0,68.5,134,137,165.2,177.1,False
2026-08-09T16:05:57,fire,0.8504,241,206,355,380,298.0,293.0,114,174,165.4,178.0,False
2026-08-09T16:05:58,fire,0.8654,242,205,356,385,299.0,295.0,114,180,165.7,178.9,False
2026-08-09T16:05:59,fire,0.8771,242,205,354,388,298.0,296.5,112,183,166.0,179.9,False
2026-08-09T16:06:00,fire,0.8792,240,208,354,382,297.0,295.0,114,174,166.3,180.0,False
2026-08-09T16:06:00,fire,0.8964,240,210,348,384,294.0,297.0,108,174,166.6,180.0,False
2026-08-09T16:06:01,fire,0.8960,233,206,347,384,290.0,295.0,114,178,167.0,180.0,False
2026-08-09T16:06:02,fire,0.8724,234,255,346,422,290.0,338.5,112,167,167.3,180.0,False
2026-08-09T16:06:03,fire,0.8887,234,241,347,417,290.5,329.0,113,176,167.7,180.0,False
2026-08-09T16:06:03,fire,0.9005,232,239,347,419,289.5,329.0,115,180,168.1,180.0,False
2026-08-09T16:06:04,fire,0.8657,236,242,344,411,290.0,326.5,108,169,168.5,180.0,False
2026-08-09T16:06:05,fire,0.8263,225,0,345,138,285.0,69.0,120,138,168.9,177.2,False
2026-08-09T16:06:06,fire,0.8881,224,0,345,140,284.5,70.0,121,140,169.3,174.3,False
2026-08-09T16:06:06,fire,0.8923,224,0,345,136,284.5,68.0,121,136,169.8,171.4,False
2026-08-09T16:06:07,fire,0.8863,224,0,345,136,284.5,68.0,121,136,170.2,168.6,False
2026-08-09T16:06:08,fire,0.8843,227,0,347,141,287.0,70.5,120,141,170.6,165.8,False
2026-08-09T16:06:09,fire,0.8960,228,0,347,139,287.5,69.5,119,139,171.0,162.9,False
2026-08-09T16:06:09,fire,0.8600,361,0,495,142,428.0,71.0,134,142,169.7,160.1,False
2026-08-09T16:11:35,fire,0.8054,381,141,551,319,466.0,230.0,170,178,88.2,90.0,False
2026-08-09T16:11:36,fire,0.8563,298,149,424,335,361.0,242.0,126,186,87.7,90.0,False
2026-08-09T16:11:37,fire,0.8443,274,153,423,343,348.5,248.0,149,190,87.3,90.0,False
2026-08-09T16:11:37,fire,0.8759,300,253,420,440,360.0,346.5,120,187,86.8,91.8,False
2026-08-09T16:11:39,fire,0.8365,272,5,426,207,349.0,106.0,154,202,86.4,89.5,False
2026-08-09T16:11:40,fire,0.8609,296,7,425,207,360.5,107.0,129,200,85.9,87.3,False
2026-08-09T16:11:40,fire,0.8450,263,5,425,205,344.0,105.0,162,200,85.6,85.1,False
2026-08-09T16:11:41,fire,0.8503,273,5,426,204,349.5,104.5,153,199,85.3,82.8,False
2026-08-09T16:11:42,fire,0.8591,259,4,426,203,342.5,103.5,167,199,85.0,80.5,False
2026-08-09T16:11:42,fire,0.8607,268,4,426,205,347.0,104.5,158,201,84.6,78.3,False
2026-08-09T16:11:43,fire,0.8736,245,4,427,206,336.0,105.0,182,202,84.4,76.0,False
2026-08-09T16:11:44,fire,0.8767,110,18,235,217,172.5,117.5,125,199,86.3,74.0,False
2026-08-09T16:11:45,fire,0.8022,108,14,231,221,169.5,117.5,123,207,88.2,71.9,False
2026-08-09T16:11:45,fire,0.8111,90,14,231,220,160.5,117.0,141,206,90.2,69.9,False
2026-08-09T16:11:46,fire,0.8079,107,14,231,221,169.0,117.5,124,207,92.1,67.9,False
2026-08-09T16:11:59,fire,0.8833,57,107,198,337,127.5,222.0,141,230,94.5,67.6,False
2026-08-09T16:12:00,fire,0.8173,229,114,360,338,294.5,226.0,131,224,94.8,67.6,False
2026-08-09T16:12:01,fire,0.8127,217,113,341,336,279.0,224.5,124,223,95.3,67.3,False
2026-08-09T16:12:02,fire,0.8659,190,119,330,337,260.0,228.0,140,218,96.0,67.3,False
2026-08-09T16:12:03,fire,0.8310,185,121,322,337,253.5,229.0,137,216,96.9,67.3,False
2026-08-09T16:12:03,fire,0.7984,170,119,308,336,239.0,227.5,138,217,97.9,67.3,False
2026-08-09T16:12:04,fire,0.8797,18,158,176,379,97.0,268.5,158,221,100.7,67.8,False
2026-08-09T16:12:05,fire,0.8241,1,137,146,361,73.5,249.0,145,224,103.8,67.8,False
2026-08-09T16:12:06,fire,0.7577,207,3,369,188,288.0,95.5,162,185,104.2,65.4,False
2026-08-09T16:12:06,fire,0.9049,94,87,222,282,158.0,184.5,128,195,106.2,64.4,False
2026-08-09T16:12:07,fire,0.8797,53,117,191,326,122.0,221.5,138,209,108.7,64.1,False
2026-08-09T16:12:08,fire,0.8831,47,116,186,324,116.5,220.0,139,208,111.2,63.8,False
2026-08-09T16:12:09,fire,0.8882,60,123,197,325,128.5,224.0,137,202,113.6,63.5,False
2026-08-09T16:12:09,fire,0.8749,49,122,195,330,122.0,226.0,146,208,116.1,63.5,False
2026-08-09T16:12:11,fire,0.8877,49,123,194,331,121.5,227.0,145,208,118.5,63.5,False
2026-08-09T16:12:11,fire,0.8907,48,124,194,333,121.0,228.5,146,209,121.0,63.5,False
2026-08-09T16:12:12,fire,0.8758,122,91,248,273,185.0,182.0,126,182,122.7,62.6,False
2026-08-09T16:12:13,fire,0.8661,480,94,605,252,542.5,173.0,125,158,119.9,61.4,False
2026-08-09T16:12:14,fire,0.8366,449,134,626,299,537.5,216.5,177,165,117.2,61.1,False
2026-08-09T16:12:14,fire,0.8768,470,121,631,296,550.5,208.5,161,175,114.3,60.5,False
2026-08-09T16:12:15,fire,0.8548,430,126,608,299,519.0,212.5,178,173,111.9,60.1,False
2026-08-09T16:12:16,fire,0.8519,428,128,603,297,515.5,212.5,175,169,109.4,59.6,False
2026-08-09T16:12:16,fire,0.8646,427,129,603,296,515.0,212.5,176,167,107.0,59.2,False
2026-08-09T16:12:17,fire,0.8322,424,130,601,294,512.5,212.0,177,164,104.6,58.7,False
2026-08-09T16:12:18,fire,0.8250,425,129,601,289,513.0,209.0,176,160,102.2,58.2,False
2026-08-09T16:12:19,fire,0.8762,542,145,639,320,590.5,232.5,97,175,98.8,58.2,False
2026-08-09T16:12:20,fire,0.8331,546,145,639,325,592.5,235.0,93,180,95.4,58.2,False
2026-08-09T16:12:21,fire,0.8702,524,135,639,318,581.5,226.5,115,183,92.1,58.2,False
2026-08-09T16:12:22,fire,0.8485,531,135,639,314,585.0,224.5,108,179,88.8,57.9,False
2026-08-09T16:12:30,fire,0.6785,440,208,635,411,537.5,309.5,195,203,86.1,59.1,False
2026-08-09T16:12:30,fire,0.7935,334,259,516,459,425.0,359.0,182,200,84.8,61.1,False
2026-08-09T16:12:31,fire,0.8466,338,253,519,448,428.5,350.5,181,195,83.4,62.9,False
2026-08-09T16:12:32,fire,0.7802,339,264,509,456,424.0,360.0,170,192,82.1,64.9,False
2026-08-09T16:12:32,fire,0.8287,334,266,506,464,420.0,365.0,172,198,80.9,67.0,False
2026-08-09T16:12:33,fire,0.7823,341,263,507,456,424.0,359.5,166,193,79.6,69.0,False
2026-08-09T16:12:34,fire,0.8143,375,261,515,447,445.0,354.0,140,186,78.0,70.9,False
2026-08-09T16:12:35,fire,0.7945,357,261,514,452,435.5,356.5,157,191,76.5,72.8,False
2026-08-09T16:12:35,fire,0.8135,374,261,511,452,442.5,356.5,137,191,75.0,74.8,False
2026-08-09T16:12:36,fire,0.8353,390,255,566,454,478.0,354.5,176,199,73.0,76.7,False
2026-08-09T16:12:37,fire,0.8315,390,255,567,455,478.5,355.0,177,200,71.1,78.6,False
2026-08-09T16:12:40,fire,0.8406,478,0,631,164,554.5,82.0,153,164,68.1,75.9,False
2026-08-09T16:12:41,fire,0.8223,473,0,633,163,553.0,81.5,160,163,65.2,73.3,False
2026-08-09T16:12:42,fire,0.7818,475,0,632,172,553.5,86.0,157,172,62.3,70.7,False
2026-08-09T16:12:43,fire,0.8341,484,0,635,166,559.5,83.0,151,166,59.3,68.1,False
2026-08-09T16:12:54,fire,0.5956,78,350,177,479,127.5,414.5,99,129,61.7,71.0,False
2026-08-09T16:12:55,fire,0.5350,74,354,154,479,114.0,416.5,80,125,64.3,74.0,False
2026-08-09T16:12:56,fire,0.5042,60,346,181,479,120.5,412.5,121,133,66.8,76.8,False
2026-08-09T16:12:57,fire,0.6627,62,345,172,479,117.0,412.0,110,134,69.3,79.7,False
2026-08-09T16:12:58,fire,0.6630,74,348,169,479,121.5,413.5,95,131,71.8,82.6,False
2026-08-09T16:17:43,fire,0.9038,30,266,237,479,133.5,372.5,207,213,92.3,92.2,False
2026-08-09T16:17:44,fire,0.8985,0,336,174,479,87.0,407.5,174,143,95.2,95.0,False
2026-08-09T16:17:45,fire,0.9043,0,306,170,479,85.0,392.5,170,173,98.2,97.5,False
2026-08-09T16:17:46,fire,0.8840,0,373,171,479,85.5,426.0,171,106,101.1,100.6,False
2026-08-09T16:17:47,fire,0.9096,0,356,182,479,91.0,417.5,182,123,104.0,103.6,False
2026-08-09T16:17:48,fire,0.9049,0,356,181,479,90.5,417.5,181,123,106.8,106.6,False
2026-08-09T16:17:48,fire,0.9099,0,356,183,479,91.5,417.5,183,123,109.7,109.5,False
2026-08-09T16:17:49,fire,0.9139,0,356,183,479,91.5,417.5,183,123,112.6,112.5,False
2026-08-09T16:17:50,fire,0.9113,0,356,184,479,92.0,417.5,184,123,115.4,115.4,False
2026-08-09T16:17:50,fire,0.9129,0,356,183,479,91.5,417.5,183,123,118.3,118.4,False
2026-08-09T16:17:51,fire,0.9020,0,346,185,479,92.5,412.5,185,133,121.1,121.3,False
2026-08-09T16:17:52,fire,0.8969,0,346,185,479,92.5,412.5,185,133,124.0,124.1,False
2026-08-09T16:17:53,fire,0.8649,0,353,186,479,93.0,416.0,186,126,126.8,127.1,False
2026-08-09T16:17:53,fire,0.8821,0,350,187,479,93.5,414.5,187,129,129.6,130.0,False
2026-08-09T16:17:54,fire,0.8962,0,346,189,479,94.5,412.5,189,133,132.4,132.9,False
2026-08-09T16:17:55,fire,0.8872,0,348,180,479,90.0,413.5,180,131,135.3,135.8,False
2026-08-09T16:17:56,fire,0.8974,0,347,181,479,90.5,413.0,181,132,138.2,138.6,False
2026-08-09T16:17:56,fire,0.8900,0,348,181,479,90.5,413.5,181,131,141.1,141.5,False
2026-08-09T16:17:58,fire,0.5698,9,434,184,479,96.5,456.5,175,45,143.8,145.1,False
2026-08-09T16:17:59,fire,0.5697,10,435,182,479,96.0,457.0,172,44,146.6,148.8,False
2026-08-09T16:18:00,fire,0.5648,14,435,184,479,99.0,457.0,170,44,149.4,152.4,False
2026-08-09T16:18:01,fire,0.5848,12,437,183,479,97.5,458.0,171,42,152.2,156.0,False
2026-08-09T16:18:02,fire,0.5978,11,436,182,479,96.5,457.5,171,43,155.0,159.6,False
2026-08-09T16:18:11,fire,0.7109,473,431,631,479,552.0,455.0,158,48,152.1,163.2,False
2026-08-09T16:18:12,fire,0.5775,449,377,637,479,543.0,428.0,188,102,149.3,166.3,False
2026-08-09T16:18:12,fire,0.8201,483,395,636,479,559.5,437.0,153,84,146.3,169.6,False
2026-08-09T16:18:13,fire,0.8646,482,395,638,479,560.0,437.0,156,84,143.3,172.9,False
2026-08-09T16:18:14,fire,0.8243,487,397,638,479,562.5,438.0,151,82,140.3,176.2,False
2026-08-09T16:18:14,fire,0.8818,484,397,638,479,561.0,438.0,154,82,137.3,179.5,False
2026-08-09T16:18:15,fire,0.8772,484,398,638,479,561.0,438.5,154,81,134.2,180.0,False
2026-08-09T16:18:20,fire,0.7648,486,380,638,479,562.0,429.5,152,99,131.2,180.0,False
2026-08-09T16:18:21,fire,0.8364,487,391,639,479,563.0,435.0,152,88,128.2,180.0,False
2026-08-09T16:18:21,fire,0.8900,342,206,497,412,419.5,309.0,155,206,126.9,180.0,False
2026-08-09T16:18:22,fire,0.8713,353,195,537,399,445.0,297.0,184,204,125.4,180.0,False
2026-08-09T16:18:24,fire,0.8205,364,192,543,398,453.5,295.0,179,206,123.7,180.0,False
2026-08-09T16:18:24,fire,0.7224,378,393,537,479,457.5,436.0,159,86,122.0,180.0,False
2026-08-09T16:18:25,fire,0.8745,374,358,543,479,458.5,418.5,169,121,120.3,180.0,False
2026-08-09T16:18:26,fire,0.8636,396,360,543,479,469.5,419.5,147,119,118.4,180.0,False
2026-08-09T16:18:27,fire,0.8633,400,358,544,479,472.0,418.5,144,121,116.5,180.0,False
2026-08-09T16:18:27,fire,0.8728,399,359,544,479,471.5,419.0,145,120,114.6,180.0,False
2026-08-09T16:18:28,fire,0.8864,395,327,548,479,471.5,403.0,153,152,112.7,180.0,False
2026-08-09T16:18:29,fire,0.8878,396,329,551,479,473.5,404.0,155,150,110.8,180.0,False
2026-08-09T16:18:30,fire,0.8813,396,328,549,479,472.5,403.5,153,151,108.9,180.0,False
2026-08-09T16:18:30,fire,0.8881,398,327,553,479,475.5,403.0,155,152,106.9,180.0,False
2026-08-09T16:18:31,fire,0.8777,398,356,542,479,470.0,417.5,144,123,105.1,180.0,False
2026-08-09T16:18:32,fire,0.6477,388,183,546,380,467.0,281.5,158,197,103.2,180.0,False
2026-08-09T16:18:33,fire,0.6549,378,235,546,446,462.0,340.5,168,211,101.4,180.0,False
2026-08-09T16:18:33,fire,0.5800,386,379,543,479,464.5,429.0,157,100,99.6,180.0,False
2026-08-09T16:18:34,fire,0.8755,395,319,553,479,474.0,399.0,158,160,97.7,180.0,False
2026-08-09T16:18:35,fire,0.8823,396,322,554,479,475.0,400.5,158,157,95.8,180.0,False
2026-08-09T16:18:36,fire,0.8949,399,325,553,479,476.0,402.0,154,154,93.8,180.0,False
2026-08-09T16:18:37,fire,0.8454,392,376,538,479,465.0,427.5,146,103,92.0,180.0,False
2026-08-09T16:18:38,fire,0.8746,399,381,538,479,468.5,430.0,139,98,90.2,180.0,False
2026-08-09T16:18:39,fire,0.8629,401,382,540,479,470.5,430.5,139,97,88.3,180.0,False
2026-08-09T16:18:39,fire,0.8436,400,378,544,479,472.0,428.5,144,101,86.4,180.0,False
2026-08-09T16:18:40,fire,0.8275,399,376,541,479,470.0,427.5,142,103,84.5,180.0,False
2026-08-09T16:18:41,fire,0.7774,365,341,555,479,460.0,410.0,190,138,82.7,180.0,False
2026-08-09T16:18:42,fire,0.4847,500,432,638,479,569.0,455.5,138,47,79.6,180.0,False
2026-08-09T16:18:49,fire,0.8607,508,375,639,479,573.5,427.0,131,104,76.5,180.0,False
2026-08-09T16:18:49,fire,0.8616,512,373,639,479,575.5,426.0,127,106,73.3,180.0,False
2026-08-09T16:23:12,fire,0.9087,253,263,387,479,320.0,371.0,134,216,90.0,92.2,False
2026-08-09T16:23:12,fire,0.8416,122,370,277,479,199.5,424.5,155,109,91.5,95.3,False
2026-08-09T16:23:13,fire,0.8509,137,369,283,479,210.0,424.0,146,110,92.9,98.3,False
2026-08-09T16:23:14,fire,0.8681,137,369,283,479,210.0,424.0,146,110,94.3,101.4,False
2026-08-09T16:23:14,fire,0.8572,140,369,285,479,212.5,424.0,145,110,95.6,104.5,False
2026-08-09T16:23:15,fire,0.8327,142,367,289,479,215.5,423.0,147,112,96.9,107.5,False
2026-08-09T16:23:15,fire,0.8401,139,358,298,479,218.5,418.5,159,121,98.2,110.5,False
2026-08-09T16:23:16,fire,0.8434,141,362,289,479,215.0,420.5,148,117,99.5,113.5,False
2026-08-09T16:23:17,fire,0.8510,142,365,287,479,214.5,422.0,145,114,100.8,116.5,False
2026-08-09T16:23:17,fire,0.8375,144,369,288,479,216.0,424.0,144,110,102.1,119.6,False
2026-08-09T16:23:18,fire,0.8483,92,376,273,479,182.5,427.5,181,103,103.8,122.7,False
2026-08-09T16:23:24,fire,0.4265,161,424,303,479,232.0,451.5,142,55,104.9,126.2,False
2026-08-09T16:23:24,fire,0.5699,212,391,356,479,284.0,435.0,144,88,105.4,129.5,False
2026-08-09T16:23:25,fire,0.7995,232,361,393,479,312.5,420.0,161,118,105.4,132.5,False
2026-08-09T16:23:36,fire,0.7336,96,408,245,479,170.5,443.5,149,71,107.2,135.9,False
2026-08-09T16:23:37,fire,0.8696,47,358,225,479,136.0,418.5,178,121,109.5,138.9,False
2026-08-09T16:23:37,fire,0.8725,16,365,193,479,104.5,422.0,177,114,112.2,141.9,False
2026-08-09T16:23:38,fire,0.8777,5,368,189,479,97.0,423.5,184,111,115.0,145.0,False
2026-08-09T16:23:38,fire,0.8741,0,206,184,479,92.0,342.5,184,273,117.9,146.7,False
2026-08-09T16:23:39,fire,0.6992,0,382,177,479,88.5,430.5,177,97,120.8,149.8,False
2026-08-09T16:23:40,fire,0.9055,2,375,186,479,94.0,427.0,184,104,123.6,153.0,False
2026-08-09T16:23:40,fire,0.9099,1,376,185,479,93.0,427.5,184,103,126.4,156.1,False
2026-08-09T16:23:41,fire,0.8722,1,361,186,479,93.5,420.0,185,118,129.3,159.1,False
2026-08-09T16:23:42,fire,0.8556,3,364,186,479,94.5,421.5,183,115,132.1,162.1,False
2026-08-09T16:23:42,fire,0.8863,4,359,188,479,96.0,419.0,184,120,134.9,165.1,False
2026-08-09T16:24:00,fire,0.7924,359,423,471,479,415.0,451.0,112,56,133.7,168.6,False
2026-08-09T16:24:01,fire,0.8272,356,415,471,479,413.5,447.0,115,64,132.5,172.1,False
2026-08-09T16:24:01,fire,0.8586,370,412,481,479,425.5,445.5,111,67,131.2,175.5,False
2026-08-09T16:24:02,fire,0.8493,367,414,480,479,423.5,446.5,113,65,129.9,178.9,False
2026-08-09T16:24:03,fire,0.8465,364,416,478,479,421.0,447.5,114,63,128.7,180.0,False
2026-08-09T16:24:03,fire,0.8065,381,419,496,479,438.5,449.0,115,60,127.2,180.0,False
2026-08-09T16:24:04,fire,0.6982,485,411,603,479,544.0,445.0,118,68,124.4,180.0,False
2026-08-09T16:24:08,fire,0.5501,505,337,639,479,572.0,408.0,134,142,121.2,180.0,False
2026-08-09T16:24:09,fire,0.8736,467,359,617,479,542.0,419.0,150,120,118.4,180.0,False
2026-08-09T16:24:09,fire,0.8694,468,363,616,479,542.0,421.0,148,116,115.7,180.0,False
2026-08-09T16:24:15,fire,0.8254,233,252,385,445,309.0,348.5,152,193,115.7,180.0,False
2026-08-09T16:24:16,fire,0.7329,249,411,375,479,312.0,445.0,126,68,115.7,180.0,False
2026-08-09T16:24:17,fire,0.5691,337,181,482,385,409.5,283.0,145,204,114.6,180.0,False
2026-08-09T16:24:17,fire,0.9082,327,183,461,365,394.0,274.0,134,182,113.6,180.0,False
2026-08-09T16:24:18,fire,0.7161,324,394,446,479,385.0,436.5,122,85,112.8,180.0,False
2026-08-09T16:24:19,fire,0.9022,324,384,446,479,385.0,431.5,122,95,112.0,180.0,False
2026-08-09T16:24:19,fire,0.8868,325,385,447,479,386.0,432.0,122,94,111.2,180.0,False
2026-08-09T16:24:20,fire,0.9007,327,381,449,479,388.0,430.0,122,98,110.3,180.0,False
2026-08-09T16:24:20,fire,0.8954,329,381,451,479,390.0,430.0,122,98,109.5,180.0,False
2026-08-09T16:24:21,fire,0.8512,323,326,463,479,393.0,402.5,140,153,108.5,180.0,False
2026-08-09T16:24:22,fire,0.7747,322,333,470,479,396.0,406.0,148,146,107.6,180.0,False
2026-08-09T16:24:23,fire,0.4904,337,162,471,329,404.0,245.5,134,167,106.5,180.0,False
2026-08-09T16:24:23,fire,0.8522,337,156,477,344,407.0,250.0,140,188,105.5,180.0,False
2026-08-09T16:24:24,fire,0.8511,342,370,471,479,406.5,424.5,129,109,104.4,180.0,False
2026-08-09T16:24:25,fire,0.8672,342,372,471,479,406.5,425.5,129,107,103.3,180.0,False
2026-08-09T16:24:26,fire,0.8657,343,374,471,479,407.0,426.5,128,105,102.2,180.0,False
2026-08-09T16:24:26,fire,0.8666,345,373,474,479,409.5,426.0,129,106,101.1,180.0,False
2026-08-09T16:24:45,fire,0.7682,483,421,599,479,541.0,450.0,116,58,98.3,180.0,False
2026-08-09T16:24:46,fire,0.4192,511,456,624,479,567.5,467.5,113,23,95.2,180.0,False
2026-08-09T16:24:49,fire,0.6491,515,447,630,479,572.5,463.0,115,32,92.1,180.0,False
2026-08-09T16:24:50,fire,0.7860,499,235,637,428,568.0,331.5,138,193,89.0,180.0,False
2026-08-09T16:24:52,fire,0.9059,500,237,639,412,569.5,324.5,139,175,85.9,180.0,False
2026-08-09T16:24:53,fire,0.9108,503,238,639,410,571.0,324.0,136,172,82.7,180.0,False
2026-08-09T16:24:54,fire,0.8899,504,229,639,417,571.5,323.0,135,188,79.6,180.0,False
2026-08-09T16:24:55,fire,0.7046,520,430,638,479,579.0,454.5,118,49,76.3,180.0,False
2026-08-09T16:24:56,fire,0.6552,518,430,638,479,578.0,454.5,120,49,73.1,180.0,False
2026-08-09T16:24:57,fire,0.7524,520,437,629,479,574.5,458.0,109,42,69.9,180.0,False
2026-08-09T16:24:59,fire,0.7333,518,282,639,468,578.5,375.0,121,186,66.7,180.0,False
2026-08-09T16:25:01,fire,0.5854,537,429,639,479,588.0,454.0,102,50,63.3,180.0,False
2026-08-09T16:25:02,fire,0.7750,534,425,639,479,586.5,452.0,105,54,60.0,180.0,False
2026-08-09T16:25:02,fire,0.6164,534,434,639,479,586.5,456.5,105,45,56.7,180.0,False
2026-08-09T16:25:03,fire,0.7901,524,201,639,379,581.5,290.0,115,178,53.4,180.0,False
2026-08-09T16:25:04,fire,0.8903,524,202,639,385,581.5,293.5,115,183,50.1,180.0,False
2026-08-09T16:25:04,fire,0.9031,503,216,639,387,571.0,301.5,136,171,47.0,180.0,False
2026-08-09T16:25:05,fire,0.8724,521,238,639,400,580.0,319.0,118,162,43.8,180.0,False
2026-08-09T16:25:07,fire,0.7619,481,280,632,478,556.5,379.0,151,198,40.8,180.0,False
2026-08-09T16:25:07,fire,0.8828,480,282,635,479,557.5,380.5,155,197,37.8,180.0,False
2026-08-09T16:25:08,fire,0.8631,489,348,637,479,563.0,413.5,148,131,34.8,180.0,False
2026-08-09T16:25:09,fire,0.8998,489,348,636,479,562.5,413.5,147,131,31.8,180.0,False
2026-08-09T16:25:09,fire,0.8966,489,349,636,479,562.5,414.0,147,130,28.7,180.0,False
2026-08-09T16:25:10,fire,0.7582,490,339,638,479,564.0,409.0,148,140,25.7,180.0,False
2026-08-09T16:25:10,fire,0.8496,494,357,637,479,565.5,418.0,143,122,22.6,180.0,False
2026-08-09T16:27:18,fire,0.8873,385,370,542,479,463.5,424.5,157,109,88.2,93.1,False
2026-08-09T16:27:23,fire,0.7086,167,442,303,479,235.0,460.5,136,37,89.3,96.8,False
2026-08-09T16:27:36,fire,0.7120,157,365,301,479,229.0,422.0,144,114,90.4,99.8,False
2026-08-09T16:27:40,fire,0.6117,420,276,581,479,500.5,377.5,161,203,88.2,102.1,False
2026-08-09T16:27:41,fire,0.8344,347,316,501,479,424.0,397.5,154,163,86.9,104.7,False
2026-08-09T16:27:42,fire,0.8322,312,357,455,479,383.5,418.0,143,122,86.1,107.7,False
2026-08-09T16:27:42,fire,0.8183,310,359,451,479,380.5,419.0,141,120,85.3,110.7,False
2026-08-09T16:27:43,fire,0.8245,309,359,449,479,379.0,419.0,140,120,84.6,113.6,False
2026-08-09T16:27:43,fire,0.8301,308,360,448,479,378.0,419.5,140,119,83.8,116.6,False
2026-08-09T16:27:44,fire,0.8395,307,361,448,479,377.5,420.0,141,118,83.1,119.6,False
2026-08-09T16:27:45,fire,0.8383,306,360,448,479,377.0,419.5,142,119,82.4,122.6,False
2026-08-09T16:27:45,fire,0.8423,307,359,448,479,377.5,419.0,141,120,81.7,125.6,False
2026-08-09T16:27:54,fire,0.8333,315,354,459,479,387.0,416.5,144,125,80.9,128.5,False
2026-08-09T16:30:11,fire,0.7367,188,252,578,477,383.0,364.5,390,225,89.2,92.1,False
2026-08-09T16:30:12,fire,0.7439,157,208,589,479,373.0,343.5,432,271,88.6,93.8,False
2026-08-09T16:30:13,fire,0.8040,162,241,597,478,379.5,359.5,435,237,87.8,95.8,False
2026-08-09T16:30:13,fire,0.7552,162,226,601,467,381.5,346.5,439,241,87.0,97.6,False
2026-08-09T16:30:14,fire,0.8389,159,214,608,456,383.5,335.0,449,242,86.2,99.1,False
2026-08-09T16:30:14,fire,0.7496,79,172,639,476,359.0,324.0,560,304,85.8,100.5,False
2026-08-09T16:30:15,fire,0.5822,359,236,506,315,432.5,275.5,147,79,84.4,101.1,False
2026-08-09T16:30:16,fire,0.6205,25,192,628,479,326.5,335.5,603,287,84.4,102.7,False
2026-08-09T16:30:16,fire,0.6868,104,229,587,479,345.5,354.0,483,250,84.0,104.6,False
2026-08-09T16:30:17,fire,0.6718,49,175,638,479,343.5,327.0,589,304,83.7,106.1,False
2026-08-09T16:30:17,fire,0.7321,93,157,635,479,364.0,318.0,542,322,83.2,107.4,False
2026-08-09T16:30:18,fire,0.6238,45,129,639,479,342.0,304.0,594,350,82.9,108.5,False
2026-08-09T16:30:19,fire,0.6149,24,144,639,479,331.5,311.5,615,335,82.9,109.6,False
2026-08-09T16:30:19,fire,0.7434,84,157,473,351,278.5,254.0,389,194,83.4,109.6,False
2026-08-09T16:30:20,fire,0.9078,1,260,264,479,132.5,369.5,263,219,85.8,111.8,False
2026-08-09T16:30:21,fire,0.6706,0,322,217,479,108.5,400.5,217,157,88.4,114.5,False
2026-08-09T16:30:22,fire,0.6725,2,309,221,479,111.5,394.0,219,170,91.0,117.0,False
2026-08-09T16:30:22,fire,0.6606,0,327,245,479,122.5,403.0,245,152,93.5,119.8,False
2026-08-09T16:30:23,fire,0.6698,0,329,221,479,110.5,404.0,221,150,96.1,122.5,False
2026-08-09T16:30:24,fire,0.7101,0,318,224,479,112.0,398.5,224,161,98.7,125.1,False
2026-08-09T16:30:24,fire,0.6889,0,325,228,479,114.0,402.0,228,154,101.3,127.8,False
2026-08-09T16:30:25,fire,0.7153,0,338,212,479,106.0,408.5,212,141,104.0,130.6,False
2026-08-09T16:30:25,fire,0.7465,0,338,217,479,108.5,408.5,217,141,106.6,133.4,False
2026-08-09T16:30:26,fire,0.6941,0,332,212,479,106.0,405.5,212,147,109.3,136.2,False
2026-08-09T16:30:27,fire,0.6397,1,327,228,479,114.5,403.0,227,152,111.8,138.9,False
2026-08-09T16:30:27,fire,0.7404,0,338,195,479,97.5,408.5,195,141,114.6,141.7,False
2026-08-09T16:30:28,fire,0.8547,1,178,290,479,145.5,328.5,289,301,116.8,143.2,False
2026-08-09T16:30:30,fire,0.5755,1,167,500,479,250.5,323.0,499,312,117.7,144.6,False
2026-08-09T16:30:30,fire,0.4364,1,2,281,334,141.0,168.0,280,332,117.7,144.6,False
2026-08-09T16:30:30,fire,0.5775,1,167,513,479,257.0,323.0,512,312,118.5,146.0,False
2026-08-09T16:30:30,fire,0.5143,1,1,280,334,140.5,167.5,279,333,118.5,146.0,False
2026-08-09T16:30:31,fire,0.5706,0,174,450,479,225.0,326.5,450,305,119.7,147.4,False
2026-08-09T16:30:31,fire,0.6197,0,200,525,479,262.5,339.5,525,279,120.4,149.1,False
2026-08-09T16:30:32,fire,0.5460,0,169,509,479,254.5,324.0,509,310,121.2,150.5,False
2026-08-09T16:30:33,fire,0.5457,0,170,454,479,227.0,324.5,454,309,122.4,151.9,False
2026-08-09T16:30:33,fire,0.5641,0,200,376,479,188.0,339.5,376,279,124.0,153.5,False
2026-08-09T16:30:34,fire,0.4081,2,202,374,479,188.0,340.5,372,277,125.7,155.2,False
2026-08-09T16:30:35,fire,0.4051,0,198,434,479,217.0,338.5,434,281,126.9,156.9,False
2026-08-09T16:30:35,fire,0.4227,1,196,481,479,241.0,337.5,480,283,127.9,158.5,False
2026-08-09T16:30:36,fire,0.7258,0,294,333,479,166.5,386.5,333,185,129.8,160.9,False
2026-08-09T16:30:37,fire,0.8652,441,172,639,440,540.0,306.0,198,268,127.1,162.0,False
2026-08-09T16:30:38,fire,0.8775,457,150,639,442,548.0,296.0,182,292,124.2,163.0,False
2026-08-09T16:30:38,fire,0.8587,477,140,639,441,558.0,290.5,162,301,121.3,163.8,False
2026-08-09T16:30:39,fire,0.8162,468,156,639,465,553.5,310.5,171,309,118.4,165.0,False
2026-08-09T16:30:39,fire,0.7962,462,158,639,466,550.5,312.0,177,308,115.5,166.2,False
2026-08-09T16:30:40,fire,0.8142,466,159,639,465,552.5,312.0,173,306,112.6,167.4,False
2026-08-09T16:30:41,fire,0.8343,470,159,639,464,554.5,311.5,169,305,109.6,168.6,False
2026-08-09T16:30:41,fire,0.8207,469,159,639,465,554.0,312.0,170,306,106.7,169.8,False
2026-08-09T16:30:42,fire,0.8451,467,159,639,464,553.0,311.5,172,305,103.8,171.0,False
2026-08-09T16:30:44,fire,0.7498,474,392,637,479,555.5,435.5,163,87,100.9,174.2,False
2026-08-09T16:30:44,fire,0.8520,467,391,635,479,551.0,435.0,168,88,98.0,177.5,False
2026-08-09T17:46:02,fire,0.4649,178,239,439,476,308.5,357.5,261,237,90.0,90.7,False
2026-08-09T17:46:03,fire,0.6758,295,337,446,479,370.5,408.0,151,142,89.8,94.7,False
2026-08-09T17:46:04,fire,0.8177,140,316,316,479,228.0,397.5,176,163,89.2,99.9,False
2026-08-09T17:46:04,fire,0.7920,137,322,317,479,227.0,400.5,180,157,91.0,103.9,False
2026-08-09T17:46:06,fire,0.8479,101,72,283,259,192.0,165.5,182,187,93.3,107.4,False
2026-08-09T17:46:06,fire,0.8923,102,101,283,280,192.5,190.5,181,179,96.3,105.2,False
2026-08-09T17:46:07,fire,0.8723,99,119,281,299,190.0,209.0,182,180,99.3,103.8,False
2026-08-09T17:46:07,fire,0.8562,99,120,280,299,189.5,209.5,181,179,102.4,102.8,False
2026-08-09T17:46:08,fire,0.8761,99,132,279,310,189.0,221.0,180,178,105.4,102.0,False
2026-08-09T17:46:09,fire,0.8492,154,203,338,376,246.0,289.5,184,173,108.2,101.8,False
2026-08-09T17:46:09,fire,0.8736,154,206,339,376,246.5,291.0,185,170,110.0,103.3,False
2026-08-09T17:46:10,fire,0.8099,429,198,595,379,512.0,288.5,166,181,110.4,104.9,False
2026-08-09T17:46:11,fire,0.8063,432,219,637,390,534.5,304.5,205,171,104.9,106.8,False
2026-08-09T17:46:11,fire,0.8643,429,207,638,395,533.5,301.0,209,188,99.9,108.8,False
2026-08-09T17:46:12,fire,0.5270,588,13,639,103,613.5,58.0,51,90,95.5,108.8,False
2026-08-09T17:46:17,fire,0.5638,506,456,571,479,538.5,467.5,65,23,89.0,105.7,False
2026-08-09T17:46:18,fire,0.4391,435,344,637,479,536.0,411.5,202,135,83.9,112.5,False
2026-08-09T17:46:19,fire,0.8225,470,347,620,479,545.0,413.0,150,132,78.8,117.8,False
2026-08-09T17:46:20,fire,0.6136,470,349,626,479,548.0,414.0,156,130,72.5,124.3,False
2026-08-09T17:46:21,fire,0.6094,470,356,624,479,547.0,417.5,154,123,67.1,129.8,False
2026-08-09T17:46:21,fire,0.5322,470,357,635,479,552.5,418.0,165,122,61.8,135.3,False
2026-08-09T17:46:21,fire,0.6081,471,358,629,479,550.0,418.5,158,121,57.4,139.8,False
2026-08-09T17:46:22,fire,0.5944,471,358,627,479,549.0,418.5,156,121,52.0,145.4,False
2026-08-09T17:46:23,fire,0.7538,471,374,546,479,508.5,426.5,75,105,46.9,151.0,False
2026-08-09T17:46:23,fire,0.7766,445,122,632,280,538.5,201.0,187,158,42.3,155.4,False
2026-08-09T17:46:26,fire,0.8427,448,28,637,192,542.5,110.0,189,164,37.2,153.6,False
2026-08-09T17:46:27,fire,0.7276,447,28,632,192,539.5,110.0,185,164,32.0,149.6,False
2026-08-09T17:46:27,fire,0.4538,445,27,633,192,539.0,109.5,188,165,26.8,145.5,False
2026-08-09T17:46:28,fire,0.8665,438,31,626,189,532.0,110.0,188,158,21.7,141.4,False
2026-08-09T17:46:29,fire,0.8665,453,32,621,189,537.0,110.5,168,157,16.7,137.4,False
2026-08-09T17:46:30,fire,0.8725,429,31,623,189,526.0,110.0,194,158,10.7,132.5,False
2026-08-09T17:46:30,fire,0.7569,464,386,538,479,501.0,432.5,74,93,6.9,131.3,False
2026-08-09T17:46:30,fire,0.6938,466,388,637,479,551.5,433.5,171,91,2.4,137.3,False
2026-08-09T17:46:32,fire,0.5922,447,230,630,423,538.5,326.5,183,193,0.0,142.7,False
2026-08-09T17:46:32,fire,0.7628,447,246,637,408,542.0,327.0,190,162,0.0,145.4,False
2026-08-09T17:46:33,fire,0.8847,448,122,618,280,533.0,201.0,170,158,0.0,147.9,False
2026-08-09T17:46:34,fire,0.6700,439,130,612,300,525.5,215.0,173,170,0.0,146.5,False
2026-08-09T17:46:37,fire,0.6665,140,425,236,479,188.0,452.0,96,54,0.6,147.0,False
2026-08-09T17:46:38,fire,0.4252,100,62,275,258,187.5,160.0,175,196,3.7,151.8,False
2026-08-09T17:46:39,fire,0.8414,91,70,298,238,194.5,154.0,207,168,6.8,149.3,False
2026-08-09T17:46:41,fire,0.6715,98,299,267,479,182.5,389.0,169,180,9.8,148.1,False
2026-08-09T17:46:41,fire,0.8325,118,303,265,477,191.5,390.0,147,174,13.0,152.7,False
2026-08-09T17:46:45,fire,0.7261,123,427,221,479,172.0,453.0,98,52,16.1,157.8,False
2026-08-09T17:46:46,fire,0.5223,184,389,413,479,298.5,434.0,229,90,18.9,164.4,False
2026-08-09T17:47:26,fire,0.7014,476,399,615,479,545.5,439.0,139,80,18.3,170.5,False
2026-08-09T17:47:32,fire,0.6525,229,136,392,354,310.5,245.0,163,218,14.1,175.4,True
2026-08-09T17:47:33,fire,0.7914,183,246,407,479,295.0,362.5,224,233,14.2,176.2,False
2026-08-09T17:47:34,fire,0.6991,190,215,406,479,298.0,347.0,216,264,14.8,179.9,False
2026-08-09T17:47:34,fire,0.7773,179,250,410,479,294.5,364.5,231,229,15.3,180.0,False
2026-08-09T17:47:35,fire,0.7246,214,250,409,479,311.5,364.5,195,229,15.8,180.0,False
2026-08-09T17:47:35,fire,0.7721,251,259,413,479,332.0,369.0,162,220,15.8,180.0,False
2026-08-09T17:47:36,fire,0.8501,249,259,412,479,330.5,369.0,163,220,15.8,180.0,False
2026-08-09T17:47:37,fire,0.5527,261,376,371,479,316.0,427.5,110,103,15.8,180.0,False
2026-08-09T17:47:37,fire,0.6197,254,368,369,479,311.5,423.5,115,111,15.8,180.0,False
2026-08-09T17:47:39,fire,0.6973,259,305,410,479,334.5,392.0,151,174,15.8,180.0,False
2026-08-09T17:47:40,fire,0.8006,245,217,412,452,328.5,334.5,167,235,15.8,180.0,False
2026-08-09T17:47:43,fire,0.6313,265,379,377,479,321.0,429.0,112,100,15.8,180.0,False
2026-08-09T17:47:43,fire,0.4943,261,378,376,479,318.5,428.5,115,101,15.8,180.0,False
2026-08-09T17:47:44,fire,0.4338,275,383,368,479,321.5,431.0,93,96,15.8,180.0,False
2026-08-09T17:47:45,fire,0.7499,259,190,413,420,336.0,305.0,154,230,15.7,180.0,False
2026-08-09T17:47:46,fire,0.6963,229,259,429,479,329.0,369.0,200,220,15.4,180.0,False
2026-08-09T17:47:46,fire,0.4527,260,267,428,479,344.0,373.0,168,212,15.3,180.0,False
2026-08-09T17:47:47,fire,0.6389,244,306,424,479,334.0,392.5,180,173,14.8,180.0,False
2026-08-09T17:47:47,fire,0.5461,236,310,423,479,329.5,394.5,187,169,14.8,180.0,False
2026-08-09T17:47:48,fire,0.7745,287,394,364,479,325.5,436.5,77,85,14.8,180.0,False
2026-08-09T17:47:49,fire,0.4660,268,387,383,479,325.5,433.0,115,92,14.8,180.0,False
2026-08-09T17:47:50,fire,0.5982,8,380,252,479,130.0,429.5,244,99,15.7,180.0,False
2026-08-09T17:47:50,fire,0.7848,108,413,189,479,148.5,446.0,81,66,20.1,180.0,False
2026-08-09T17:47:52,fire,0.7959,97,424,181,479,139.0,451.5,84,55,24.1,180.0,False
2026-08-09T17:47:53,fire,0.4579,98,436,185,479,141.5,457.5,87,43,28.4,180.0,False
2026-08-09T17:47:54,fire,0.6241,27,327,253,479,140.0,403.0,226,152,32.6,180.0,False
2026-08-09T17:47:55,fire,0.5772,53,337,240,479,146.5,408.0,187,142,36.8,180.0,False
2026-08-09T17:47:56,fire,0.5607,58,346,250,479,154.0,412.5,192,133,40.8,180.0,False
2026-08-09T17:47:56,fire,0.5828,9,354,167,479,88.0,416.5,158,125,45.0,180.0,False
2026-08-09T17:47:58,fire,0.5350,18,354,152,479,85.0,416.5,134,125,50.4,180.0,False
2026-08-09T17:47:59,fire,0.6967,8,346,187,479,97.5,412.5,179,133,55.9,180.0,False
2026-08-09T17:48:00,fire,0.7222,4,365,138,479,71.0,422.0,134,114,62.3,180.0,False
2026-08-09T17:48:00,fire,0.6230,7,364,156,479,81.5,421.5,149,115,66.9,180.0,False
2026-08-09T17:48:02,fire,0.8751,84,155,264,327,174.0,241.0,180,172,72.0,180.0,False
2026-08-09T17:48:02,fire,0.7953,98,172,311,339,204.5,255.5,213,167,75.3,180.0,False
2026-08-09T17:48:03,fire,0.8583,75,174,256,341,165.5,257.5,181,167,78.2,180.0,False
2026-08-09T17:48:03,fire,0.8061,67,183,251,346,159.0,264.5,184,163,81.9,180.0,False
2026-08-09T17:48:04,fire,0.7004,66,182,255,344,160.5,263.0,189,162,85.6,180.0,False
2026-08-09T17:48:05,fire,0.7859,64,187,285,347,174.5,267.0,221,160,89.3,180.0,False
2026-08-09T17:48:09,fire,0.7368,552,294,639,425,595.5,359.5,87,131,90.7,180.0,False
2026-08-09T17:48:09,fire,0.4601,564,308,639,435,601.5,371.5,75,127,84.3,180.0,False
2026-08-09T17:48:10,fire,0.5571,587,322,639,456,613.0,389.0,52,134,77.6,180.0,False
2026-08-09T17:48:13,fire,0.4860,594,320,639,461,616.5,390.5,45,141,70.7,180.0,False
2026-08-09T17:48:14,fire,0.6495,564,340,639,479,601.5,409.5,75,139,63.8,180.0,False
2026-08-09T17:48:15,fire,0.4822,554,332,639,479,596.5,405.5,85,147,58.6,180.0,False
2026-08-09T17:48:18,fire,0.5570,583,298,639,433,611.0,365.5,56,135,52.0,180.0,False
2026-08-09T17:48:20,fire,0.6439,585,298,639,433,612.0,365.5,54,135,45.2,180.0,False
2026-08-09T18:03:09,fire,0.5839,310,158,600,479,455.0,318.5,290,321,0.0,180.0,False
2026-08-09T18:03:10,fire,0.6331,297,162,584,479,440.5,320.5,287,317,84.6,93.6,False
2026-08-09T18:03:10,fire,0.6199,308,161,580,479,444.0,320.0,272,318,84.4,93.6,False
2026-08-09T18:03:11,fire,0.6457,304,174,580,479,442.0,326.5,276,305,84.5,93.9,False
2026-08-09T18:03:12,fire,0.7800,300,163,583,479,441.5,321.0,283,316,0.0,180.0,False
2026-08-09T18:03:13,fire,0.5846,306,150,581,479,443.5,314.5,275,329,84.4,93.3,False
2026-08-09T18:03:13,fire,0.7728,357,180,582,466,469.5,323.0,225,286,82.1,94.1,False
2026-08-09T18:03:13,fire,0.7371,302,150,583,479,442.5,314.5,281,329,85.7,93.0,False
2026-08-09T18:03:14,fire,0.6622,304,139,583,479,443.5,309.0,279,340,84.4,93.1,False
2026-08-09T18:03:15,fire,0.7075,310,138,582,479,446.0,308.5,272,341,84.2,93.1,False
2026-08-09T18:03:16,fire,0.6867,309,142,583,479,446.0,310.5,274,337,84.3,93.2,False
2026-08-09T18:03:16,fire,0.7189,312,142,582,479,447.0,310.5,270,337,84.3,93.2,False
2026-08-09T18:03:16,fire,0.6617,312,137,583,479,447.5,308.0,271,342,84.2,92.9,False
2026-08-09T18:03:17,fire,0.6752,309,140,582,479,445.5,309.5,273,339,84.4,93.2,False
2026-08-09T18:03:18,fire,0.7137,291,239,553,479,422.0,359.0,262,240,86.5,97.6,False
2026-08-09T18:03:19,fire,0.7107,291,255,555,479,423.0,367.0,264,224,85.3,96.1,False
2026-08-09T18:03:19,fire,0.7240,212,98,402,312,307.0,205.0,190,214,94.6,81.2,False
2026-08-09T18:03:20,fire,0.7189,219,150,390,406,304.5,278.0,171,256,90.8,92.0,False
2026-08-09T18:03:21,fire,0.7060,31,148,225,409,128.0,278.5,194,261,99.3,91.7,False
2026-08-09T18:03:21,fire,0.7610,20,145,212,408,116.0,276.5,192,263,99.7,91.6,False
2026-08-09T18:03:22,fire,0.7571,26,146,213,406,119.5,276.0,187,260,98.9,91.6,False
2026-08-09T18:03:22,fire,0.7014,209,146,634,359,421.5,252.5,425,213,72.2,88.4,False
2026-08-09T18:03:23,fire,0.8255,291,142,512,387,401.5,264.5,221,245,87.2,92.2,False
2026-08-09T18:03:44,fire,0.6225,280,149,456,457,368.0,303.0,176,308,0.0,180.0,False
2026-08-09T18:03:45,fire,0.6392,267,145,447,460,357.0,302.5,180,315,88.4,92.8,False
2026-08-09T18:03:45,fire,0.7247,272,162,451,466,361.5,314.0,179,304,88.0,93.8,False
2026-08-09T18:03:45,fire,0.6669,259,145,446,467,352.5,306.0,187,322,88.9,92.6,False
2026-08-09T18:03:47,fire,0.7531,255,145,444,464,349.5,304.5,189,319,88.7,92.9,False
2026-08-09T18:03:47,fire,0.6358,253,143,436,465,344.5,304.0,183,322,89.1,92.9,False
2026-08-09T18:03:47,fire,0.6478,249,139,434,463,341.5,301.0,185,324,89.2,92.6,False
2026-08-09T18:03:48,fire,0.6607,248,140,434,464,341.0,302.0,186,324,89.1,92.8,False
2026-08-09T18:03:49,fire,0.6844,250,142,435,465,342.5,303.5,185,323,89.0,92.9,False
2026-08-09T18:03:50,fire,0.6325,253,319,388,479,320.5,399.0,135,160,90.1,97.5,False
2026-08-09T18:03:50,fire,0.7888,252,293,409,479,330.5,386.0,157,186,90.0,96.0,False
2026-08-09T18:03:50,fire,0.8399,247,286,412,479,329.5,382.5,165,193,90.0,96.3,False
2026-08-09T18:03:51,fire,0.8431,247,285,412,479,329.5,382.0,165,194,90.0,96.4,False
2026-08-09T18:03:52,fire,0.8243,251,280,412,479,331.5,379.5,161,199,90.0,96.2,False
2026-08-09T18:03:52,fire,0.8365,250,283,414,479,332.0,381.0,164,196,90.0,96.4,False
2026-08-09T18:03:53,fire,0.8577,254,283,415,479,334.5,381.0,161,196,90.0,96.3,False
2026-08-09T18:03:53,fire,0.8638,255,277,416,479,335.5,378.0,161,202,88.6,96.1,False
2026-08-09T18:03:54,fire,0.8619,255,278,415,479,335.0,378.5,160,201,90.1,96.2,False
2026-08-09T18:03:55,fire,0.7986,256,280,417,479,336.5,379.5,161,199,89.2,96.3,False
2026-08-09T18:03:55,fire,0.8219,254,279,416,479,335.0,379.0,162,200,90.7,96.2,False
2026-08-09T18:03:56,fire,0.8342,251,279,411,479,331.0,379.0,160,200,90.0,96.3,False
2026-08-09T18:03:56,fire,0.7821,235,277,408,479,321.5,378.0,173,202,90.0,96.2,False
2026-08-09T18:03:57,fire,0.8163,224,262,402,479,313.0,370.5,178,217,90.0,95.5,False
2026-08-09T18:03:57,fire,0.8714,213,263,389,479,301.0,371.0,176,216,91.7,95.9,False
2026-08-09T18:03:58,fire,0.8236,213,264,389,479,301.0,371.5,176,215,90.9,95.9,False
2026-08-09T18:03:59,fire,0.8251,210,264,390,479,300.0,371.5,180,215,90.9,95.9,False
2026-08-09T18:04:00,fire,0.8465,213,262,393,479,303.0,370.5,180,217,90.8,95.9,False
2026-08-09T18:04:00,fire,0.8173,220,303,373,479,296.5,391.0,153,176,91.1,96.9,False
2026-08-09T18:04:00,fire,0.8038,214,299,375,479,294.5,389.0,161,180,91.2,96.6,False
2026-08-09T18:04:01,fire,0.8339,213,300,375,479,294.0,389.5,162,179,91.2,96.7,False
2026-08-09T18:04:02,fire,0.8313,217,300,376,479,296.5,389.5,159,179,90.9,96.7,False
2026-08-09T18:04:03,fire,0.7299,217,300,376,479,296.5,389.5,159,179,91.1,96.7,False
2026-08-09T18:04:03,fire,0.7743,214,297,376,479,295.0,388.0,162,182,91.1,96.7,False
2026-08-09T18:04:07,fire,0.7433,281,406,408,479,344.5,442.5,127,73,0.0,180.0,False
2026-08-09T18:04:08,fire,0.7660,149,415,261,479,205.0,447.0,112,64,180.0,180.0,False
2026-08-09T18:04:08,fire,0.8079,154,412,268,479,211.0,445.5,114,67,94.6,99.2,False
2026-08-09T18:04:09,fire,0.7766,160,408,269,479,214.5,443.5,109,71,94.6,99.1,False
2026-08-09T18:04:10,fire,0.7818,161,408,268,479,214.5,443.5,107,71,94.7,99.2,False
2026-08-09T18:04:10,fire,0.7445,164,403,274,479,219.0,441.0,110,76,94.3,98.9,False
2026-08-09T18:04:11,fire,0.7836,166,407,275,479,220.5,443.0,109,72,94.4,99.2,False
2026-08-09T18:04:11,fire,0.7139,167,408,275,479,221.0,443.5,108,71,94.4,99.2,False
2026-08-09T18:04:12,fire,0.6834,165,406,277,479,221.0,442.5,112,73,94.5,99.1,False
2026-08-09T18:04:13,fire,0.7234,168,407,277,479,222.5,443.0,109,72,94.3,99.2,False
2026-08-09T18:04:14,fire,0.7647,170,406,280,479,225.0,442.5,110,73,94.3,99.1,False
2026-08-09T18:04:14,fire,0.7718,169,408,277,479,223.0,443.5,108,71,94.4,99.2,False
2026-08-09T18:04:14,fire,0.4518,158,429,272,479,215.0,454.0,114,50,95.1,100.1,False
2026-08-09T18:04:16,fire,0.8571,285,173,437,357,361.0,265.0,152,184,0.0,180.0,False
2026-08-09T18:04:17,fire,0.8430,232,175,435,364,333.5,269.5,203,189,91.8,91.5,False
2026-08-09T18:04:17,fire,0.8616,230,176,428,366,329.0,271.0,198,190,90.0,91.5,False
2026-08-09T18:04:18,fire,0.8402,229,175,430,367,329.5,271.0,201,192,90.0,91.4,False
2026-08-09T18:04:19,fire,0.8569,230,176,429,366,329.5,271.0,199,190,90.0,91.4,False
2026-08-09T18:04:20,fire,0.8608,230,176,429,368,329.5,272.0,199,192,90.0,91.4,False
2026-08-09T18:04:20,fire,0.6034,301,109,428,270,364.5,189.5,127,161,87.8,87.4,False
2026-08-09T18:04:35,fire,0.5965,214,311,379,479,296.5,395.0,165,168,180.0,180.0,False
2026-08-09T18:04:37,fire,0.8241,494,323,639,479,566.5,401.0,145,156,0.0,180.0,False
2026-08-09T18:04:37,fire,0.8313,496,322,639,479,567.5,400.5,143,157,78.8,97.2,False
2026-08-09T18:04:38,fire,0.8418,496,321,639,479,567.5,400.0,143,158,78.9,97.2,False
2026-08-09T18:04:38,fire,0.8353,496,323,639,479,567.5,401.0,143,156,78.9,97.3,False
2026-08-09T18:04:39,fire,0.8084,497,314,639,479,568.0,396.5,142,165,78.8,97.0,False
2026-08-09T18:04:40,fire,0.8257,498,314,639,479,568.5,396.5,141,165,78.8,97.0,False
2026-08-09T18:04:40,fire,0.8222,497,314,639,479,568.0,396.5,142,165,78.9,97.0,False
2026-08-09T18:04:41,fire,0.8273,498,314,639,479,568.5,396.5,141,165,78.8,97.0,False
2026-08-09T18:04:42,fire,0.8379,496,314,639,479,567.5,396.5,143,165,78.9,97.0,False
2026-08-09T18:04:42,fire,0.8094,498,315,639,479,568.5,397.0,141,164,78.8,97.1,False
2026-08-09T18:04:43,fire,0.8071,499,381,639,479,569.0,430.0,140,98,0.0,180.0,False
2026-08-09T18:04:44,fire,0.8479,515,380,639,479,577.0,429.5,124,99,78.1,98.5,False
2026-08-09T18:04:45,fire,0.8065,496,113,639,290,567.5,201.5,143,177,0.0,0.0,False
2026-08-09T18:04:45,fire,0.8758,474,112,639,297,556.5,204.5,165,185,79.9,88.5,False
2026-08-09T18:04:46,fire,0.8962,473,115,639,299,556.0,207.0,166,184,79.4,88.6,False
2026-08-09T18:04:47,fire,0.8913,474,113,639,300,556.5,206.5,165,187,79.3,88.5,False
2026-08-09T18:04:47,fire,0.8977,474,115,639,299,556.5,207.0,165,184,79.4,88.5,False
2026-08-09T18:04:48,fire,0.8889,475,115,639,299,557.0,207.0,164,184,79.3,88.5,False
2026-08-09T18:04:48,fire,0.8848,472,115,639,299,555.5,207.0,167,184,79.5,88.5,False
2026-08-09T18:04:49,fire,0.8881,476,116,639,300,557.5,208.0,163,184,79.2,88.6,False
2026-08-09T18:04:50,fire,0.8587,483,118,639,306,561.0,212.0,156,188,79.0,88.9,False
2026-08-09T18:04:50,fire,0.9066,469,103,638,297,553.5,200.0,169,194,79.8,87.7,False
2026-08-09T18:04:51,fire,0.8890,477,106,639,297,558.0,201.5,162,191,79.1,88.3,False
2026-08-09T18:04:51,fire,0.8493,481,106,639,296,560.0,201.0,158,190,79.1,88.2,False
2026-08-09T18:04:52,fire,0.8945,486,109,639,301,562.5,205.0,153,192,79.0,88.6,False
2026-08-09T18:04:53,fire,0.8967,487,109,639,299,563.0,204.0,152,190,79.0,88.3,False
2026-08-09T18:04:53,fire,0.8786,484,111,639,300,561.5,205.5,155,189,79.2,88.5,False
2026-08-09T18:04:54,fire,0.8931,485,111,639,299,562.0,205.0,154,188,79.1,88.4,False
2026-08-09T18:04:54,fire,0.8004,450,125,639,305,544.5,215.0,189,180,80.7,89.3,False
2026-08-09T18:04:55,fire,0.6974,22,175,328,406,175.0,290.5,306,231,113.1,95.7,False
2026-08-09T18:04:56,fire,0.7830,30,187,215,446,122.5,316.5,185,259,101.2,94.6,False
2026-08-09T18:04:57,fire,0.7242,39,237,216,479,127.5,358.0,177,242,98.6,95.5,False
2026-08-09T18:04:57,fire,0.7993,1,250,216,479,108.5,364.5,215,229,100.4,95.9,False
2026-08-09T18:04:58,fire,0.7293,9,252,215,479,112.0,365.5,206,227,99.3,95.7,False
2026-08-09T18:04:58,fire,0.7328,11,259,213,479,112.0,369.0,202,220,99.4,96.0,False
2026-08-09T18:04:59,fire,0.7713,354,269,597,479,475.5,374.0,243,210,0.0,180.0,False
2026-08-09T18:05:54,fire,0.8589,437,195,636,462,536.5,328.5,199,267,0.0,180.0,False
2026-08-09T18:05:55,fire,0.8227,417,227,639,477,528.0,352.0,222,250,81.0,96.1,False
2026-08-09T18:05:55,fire,0.7876,478,362,621,479,549.5,420.5,143,117,78.7,101.1,False
2026-08-09T18:05:56,fire,0.8354,449,376,582,479,515.5,427.5,133,103,81.3,98.5,False
2026-08-09T18:05:57,fire,0.4574,448,355,575,479,511.5,417.0,127,124,81.6,97.5,False
2026-08-09T18:05:57,fire,0.6578,449,359,550,479,499.5,419.0,101,120,82.5,98.1,False
2026-08-09T18:05:58,fire,0.5588,449,357,549,479,499.0,418.0,100,122,82.0,98.0,False
2026-08-09T18:05:58,fire,0.5344,450,358,551,479,500.5,418.5,101,121,81.8,98.1,False
2026-08-09T18:05:59,fire,0.8565,449,362,576,479,512.5,420.5,127,117,80.8,98.2,False
2026-08-09T18:06:00,fire,0.7440,449,352,580,479,514.5,415.5,131,127,81.2,97.7,False
2026-08-09T18:06:01,fire,0.7904,450,353,580,479,515.0,416.0,130,126,81.2,97.9,False
2026-08-09T18:06:01,fire,0.7928,455,406,560,479,507.5,442.5,105,73,81.9,100.3,False
2026-08-09T18:06:01,fire,0.7497,456,405,557,479,506.5,442.0,101,74,81.7,99.1,False
2026-08-09T18:06:02,fire,0.7939,456,403,557,479,506.5,441.0,101,76,81.6,99.0,False
2026-08-09T18:06:03,fire,0.7385,456,404,560,479,508.0,441.5,104,75,81.5,99.1,False
2026-08-09T18:06:03,fire,0.7105,456,406,564,479,510.0,442.5,108,73,81.4,99.2,False
2026-08-09T18:06:04,fire,0.6311,457,419,559,479,508.0,449.0,102,60,81.6,99.7,False
2026-08-09T18:06:04,fire,0.4668,457,407,564,479,510.5,443.0,107,72,81.3,98.9,False
2026-08-09T18:06:05,fire,0.5214,457,406,559,479,508.0,442.5,102,73,81.7,99.1,False
2026-08-09T18:06:06,fire,0.7688,457,413,558,479,507.5,446.0,101,66,81.6,99.4,False
2026-08-09T18:06:07,fire,0.6018,457,449,512,479,484.5,464.0,55,30,0.0,180.0,False
2026-08-09T18:06:12,fire,0.5637,457,453,515,479,486.0,466.0,58,26,0.0,180.0,False
2026-08-09T18:06:14,fire,0.5499,455,380,624,479,539.5,429.5,169,99,0.0,180.0,False
2026-08-09T18:06:16,fire,0.6072,457,383,554,479,505.5,431.0,97,96,0.0,180.0,False
2026-08-09T18:06:17,fire,0.4882,457,374,615,479,536.0,426.5,158,105,78.9,98.2,False
2026-08-09T18:06:18,fire,0.4477,454,378,615,479,534.5,428.5,161,101,0.0,180.0,False
2026-08-09T18:06:20,fire,0.6453,449,261,636,479,542.5,370.0,187,218,0.0,180.0,False
2026-08-09T18:06:20,fire,0.8086,425,256,639,479,532.0,367.5,214,223,80.9,95.6,False
2026-08-09T18:06:21,fire,0.8030,405,260,638,479,521.5,369.5,233,219,81.4,95.9,False
2026-08-09T18:06:22,fire,0.8113,436,262,638,479,537.0,370.5,202,217,79.5,95.9,False
2026-08-09T18:06:22,fire,0.7773,441,260,639,479,540.0,369.5,198,219,80.0,95.8,False
2026-08-09T18:06:23,fire,0.8039,438,262,639,479,538.5,370.5,201,217,80.2,95.9,False
2026-08-09T18:06:23,fire,0.7912,407,260,639,479,523.0,369.5,232,219,81.6,95.8,False
2026-08-09T18:06:24,fire,0.7943,430,261,639,479,534.5,370.0,209,218,79.8,95.9,False
2026-08-09T18:06:25,fire,0.7930,426,258,639,478,532.5,368.0,213,220,80.5,95.7,False
2026-08-09T18:06:25,fire,0.8019,431,258,639,479,535.0,368.5,208,221,80.2,95.8,False
2026-08-09T18:06:26,fire,0.7923,407,260,639,479,523.0,369.5,232,219,80.9,95.8,False
2026-08-09T18:06:26,fire,0.8369,416,261,639,479,527.5,370.0,223,218,80.5,95.9,False
2026-08-09T18:06:27,fire,0.8004,395,260,639,479,517.0,369.5,244,219,81.6,95.8,False
2026-08-09T18:06:28,fire,0.7416,431,259,639,479,535.0,369.0,208,220,79.5,95.8,False
2026-08-09T18:06:28,fire,0.8271,391,262,639,479,515.0,370.5,248,217,82.1,95.9,False
2026-08-09T18:06:29,fire,0.8361,408,338,624,479,516.0,408.5,216,141,0.0,180.0,False
2026-08-09T18:06:30,fire,0.8380,407,336,625,479,516.0,407.5,218,143,81.2,97.5,False
2026-08-09T18:06:30,fire,0.8172,457,336,625,479,541.0,407.5,168,143,78.9,97.5,False
2026-08-09T18:06:31,fire,0.8268,408,334,626,479,517.0,406.5,218,145,82.2,97.4,False
2026-08-09T18:06:32,fire,0.8473,408,336,628,479,518.0,407.5,220,143,81.0,97.6,False
2026-08-09T18:06:39,fire,0.6219,466,432,556,479,511.0,455.5,90,47,0.0,180.0,False
2026-08-09T18:06:40,fire,0.5955,470,431,561,479,515.5,455.0,91,48,81.0,99.7,False
2026-08-09T18:06:46,fire,0.5056,510,407,603,479,556.5,443.0,93,72,0.0,180.0,False
2026-08-09T18:06:48,fire,0.5339,519,420,607,479,563.0,449.5,88,59,0.0,180.0,False
2026-08-09T18:06:49,fire,0.4682,519,421,604,479,561.5,450.0,85,58,79.2,99.5,False
2026-08-09T18:06:50,fire,0.7227,356,374,481,479,418.5,426.5,125,105,0.0,180.0,False
2026-08-09T18:06:51,fire,0.6148,371,408,510,479,440.5,443.5,139,71,84.5,99.2,False
2026-08-09T18:06:51,fire,0.4633,376,404,514,479,445.0,441.5,138,75,84.2,99.0,False
2026-08-09T18:06:51,fire,0.7626,377,396,507,479,442.0,437.5,130,83,84.6,98.7,False
2026-08-09T18:06:52,fire,0.7290,315,403,441,479,378.0,441.0,126,76,90.3,99.2,False
2026-08-09T18:06:53,fire,0.6069,326,375,443,479,384.5,427.0,117,104,86.8,97.8,False
2026-08-09T18:06:54,fire,0.6700,319,335,472,479,395.5,407.0,153,144,86.6,97.4,False
2026-08-09T18:07:01,fire,0.8413,1,305,200,479,100.5,392.0,199,174,180.0,180.0,False
2026-08-09T18:07:02,fire,0.7981,23,301,210,479,116.5,390.0,187,178,98.4,96.7,False
2026-08-09T18:07:03,fire,0.7707,21,307,210,479,115.5,393.0,189,172,99.2,97.0,False
2026-08-09T18:07:03,fire,0.7490,17,309,210,479,113.5,394.0,193,170,99.4,97.0,False
2026-08-09T18:07:11,fire,0.6446,551,393,639,479,595.0,436.0,88,86,0.0,180.0,False
2026-08-09T18:07:13,fire,0.6365,94,369,198,479,146.0,424.0,104,110,180.0,180.0,False
2026-08-09T18:07:14,fire,0.6133,100,369,200,479,150.0,424.0,100,110,97.5,98.3,False
2026-08-09T18:07:14,fire,0.6377,102,368,199,479,150.5,423.5,97,111,97.6,98.2,False
2026-08-09T18:07:15,fire,0.6261,58,369,199,479,128.5,424.0,141,110,99.6,98.3,False
2026-08-09T18:07:31,fire,0.7169,207,14,414,249,310.5,131.5,207,235,90.0,0.0,False
2026-08-09T18:07:31,fire,0.7673,111,7,291,238,201.0,122.5,180,231,100.7,84.3,False
2026-08-09T18:07:32,fire,0.8656,165,18,335,235,250.0,126.5,170,217,91.0,85.1,False
2026-08-09T18:07:33,fire,0.8761,144,75,311,279,227.5,177.0,167,204,94.2,87.3,False
2026-08-09T18:07:33,fire,0.8918,157,78,320,283,238.5,180.5,163,205,93.6,87.3,False
2026-08-09T18:07:35,fire,0.7271,0,75,127,250,63.5,162.5,127,175,180.0,0.0,False
2026-08-09T18:07:35,fire,0.9019,0,23,114,260,57.0,141.5,114,237,102.1,84.6,False
2026-08-09T18:07:36,fire,0.8589,0,29,114,261,57.0,145.0,114,232,101.8,85.9,False
2026-08-09T18:07:36,fire,0.8565,0,27,114,258,57.0,142.5,114,231,101.8,85.5,False
2026-08-09T18:12:17,fire,0.7672,384,408,469,479,426.5,443.5,85,71,0.0,90.0,False
2026-08-09T18:12:18,fire,0.6551,335,434,417,479,376.0,456.5,82,45,89.7,90.0,False
2026-08-09T18:12:19,fire,0.5031,332,438,413,479,372.5,458.5,81,41,0.0,90.0,False
2026-08-09T18:12:21,fire,0.5449,339,431,417,479,378.0,455.0,78,48,0.0,90.0,False
2026-08-09T18:12:22,fire,0.4060,337,426,419,479,378.0,452.5,82,53,87.4,90.0,False
2026-08-09T18:12:23,fire,0.7728,335,439,414,479,374.5,459.0,79,40,87.7,90.0,False
2026-08-09T18:12:23,fire,0.5252,336,421,428,479,382.0,450.0,92,58,86.9,90.0,False
2026-08-09T18:12:25,fire,0.5379,333,422,433,479,383.0,450.5,100,57,0.0,90.0,False
2026-08-09T18:12:25,fire,0.5493,334,421,434,479,384.0,450.0,100,58,87.1,90.0,False
2026-08-09T18:12:26,fire,0.6347,330,441,412,479,371.0,460.0,82,38,87.8,90.0,False
2026-08-09T18:12:27,fire,0.5201,331,435,414,479,372.5,457.0,83,44,87.6,90.0,False
2026-08-09T18:12:29,fire,0.7821,289,377,386,479,337.5,428.0,97,102,0.0,90.0,False
2026-08-09T18:12:30,fire,0.7685,297,375,388,479,342.5,427.0,91,104,89.0,90.0,False
2026-08-09T18:12:30,fire,0.8116,297,374,388,479,342.5,426.5,91,105,89.0,90.0,False
2026-08-09T18:12:31,fire,0.8044,299,375,389,479,344.0,427.0,90,104,88.9,90.0,False
2026-08-09T18:12:31,fire,0.6468,294,378,387,479,340.5,428.5,93,101,89.2,90.0,False
2026-08-09T18:12:32,fire,0.6856,298,382,386,479,342.0,430.5,88,97,88.9,90.0,False
2026-08-09T18:12:33,fire,0.4637,297,382,386,479,341.5,430.5,89,97,89.1,90.0,False
2026-08-09T18:12:33,fire,0.7449,298,383,387,479,342.5,431.0,89,96,88.9,90.0,False
2026-08-09T18:12:34,fire,0.5444,298,382,389,479,343.5,430.5,91,97,88.9,90.0,False
2026-08-09T18:12:34,fire,0.6834,300,383,393,479,346.5,431.0,93,96,88.7,90.0,False
2026-08-09T18:12:36,fire,0.4189,299,383,424,479,361.5,431.0,125,96,0.0,90.0,False
2026-08-09T18:12:38,fire,0.4459,300,383,390,479,345.0,431.0,90,96,0.0,90.0,False
2026-08-09T18:12:39,fire,0.5894,305,412,374,479,339.5,445.5,69,67,0.0,90.0,False
2026-08-09T18:12:40,fire,0.6886,306,411,374,479,340.0,445.0,68,68,89.1,90.0,False
2026-08-09T18:12:41,fire,0.6083,323,319,467,469,395.0,394.0,144,150,0.0,90.0,False
2026-08-09T18:12:41,fire,0.8029,353,317,473,473,413.0,395.0,120,156,85.0,90.0,False
2026-08-09T18:12:42,fire,0.7620,263,331,413,479,338.0,405.0,150,148,92.5,90.0,False
2026-08-09T18:12:43,fire,0.7269,252,315,409,479,330.5,397.0,157,164,90.8,90.0,False
2026-08-09T18:12:51,fire,0.7851,229,117,472,429,350.5,273.0,243,312,0.0,90.0,False
2026-08-09T18:12:52,fire,0.6986,187,106,440,440,313.5,273.0,253,334,90.1,90.0,False
2026-08-09T18:12:52,fire,0.8257,203,69,468,385,335.5,227.0,265,316,88.6,90.0,False
2026-08-09T18:12:52,fire,0.7199,265,0,515,290,390.0,145.0,250,290,84.4,90.0,False
2026-08-09T18:13:27,fire,0.7197,336,172,638,479,487.0,325.5,302,307,0.0,90.0,False
2026-08-09T18:13:36,fire,0.4549,506,307,639,479,572.5,393.0,133,172,0.0,90.0,False
2026-08-09T18:13:37,fire,0.6552,500,254,639,478,569.5,366.0,139,224,78.9,90.0,False
2026-08-09T18:13:38,fire,0.5676,521,286,639,477,580.0,381.5,118,191,78.3,90.0,False
2026-08-09T18:13:39,fire,0.5139,524,288,639,477,581.5,382.5,115,189,78.2,90.0,False
2026-08-09T18:13:42,fire,0.5187,536,292,639,478,587.5,385.0,103,186,0.0,90.0,False
2026-08-09T18:13:56,fire,0.7274,0,246,65,479,32.5,362.5,65,233,180.0,90.0,False
2026-08-09T18:13:57,fire,0.8425,0,253,120,479,60.0,366.0,120,226,101.6,90.0,False
2026-08-09T18:14:46,fire,0.7507,250,374,354,479,302.0,426.5,104,105,0.0,90.0,False
2026-08-09T18:14:47,fire,0.8147,168,298,326,479,247.0,388.5,158,181,84.3,90.0,False
2026-08-09T18:14:47,fire,0.8418,57,327,211,479,134.0,403.0,154,152,76.6,90.0,False
2026-08-09T18:14:48,fire,0.8503,63,331,228,479,145.5,405.0,165,148,82.7,90.0,False
2026-08-09T18:14:49,fire,0.6987,41,346,196,479,118.5,412.5,155,133,79.7,90.0,False
2026-08-09T18:14:49,fire,0.8511,59,345,220,479,139.5,412.0,161,134,82.8,90.0,False
2026-08-09T18:14:50,fire,0.7415,50,348,218,479,134.0,413.5,168,131,81.4,90.0,False
2026-08-09T18:14:50,fire,0.7237,47,348,214,479,130.5,413.5,167,131,81.3,90.0,False
2026-08-09T18:14:51,fire,0.7878,69,352,198,479,133.5,415.5,129,127,81.7,90.0,False
2026-08-09T18:14:52,fire,0.7755,63,350,206,479,134.5,414.5,143,129,81.7,90.0,False
2026-08-09T18:14:52,fire,0.6965,82,350,205,479,143.5,414.5,123,129,82.5,90.0,False
2026-08-09T18:14:53,fire,0.7210,80,347,208,479,144.0,413.0,128,132,82.1,90.0,False
2026-08-09T18:14:53,fire,0.7106,58,348,210,479,134.0,413.5,152,131,81.2,90.0,False
2026-08-09T18:14:54,fire,0.7690,87,348,211,479,149.0,413.5,124,131,83.0,90.0,False
2026-08-09T18:15:01,fire,0.4829,485,409,564,479,524.5,444.0,79,70,180.0,90.0,False
2026-08-09T18:15:07,fire,0.7355,312,267,543,479,427.5,373.0,231,212,180.0,90.0,False
2026-08-09T18:15:14,fire,0.4027,356,392,498,479,427.0,435.5,142,87,180.0,90.0,False
2026-08-09T18:15:15,fire,0.4379,356,393,502,479,429.0,436.0,146,86,95.0,90.0,False
2026-08-09T18:15:37,fire,0.7521,1,201,482,479,241.5,340.0,481,278,0.0,90.0,False
2026-08-09T18:15:37,fire,0.5890,141,165,639,479,390.0,322.0,498,314,99.8,90.0,False
2026-08-09T18:15:39,fire,0.6637,187,337,313,479,250.0,408.0,126,142,0.0,90.0,False
2026-08-09T18:15:39,fire,0.5813,191,340,318,479,254.5,409.5,127,139,87.2,90.0,False
2026-08-09T18:15:42,fire,0.5062,190,342,380,479,285.0,410.5,190,137,0.0,90.0,False
2026-08-09T18:15:42,fire,0.5790,175,340,338,479,256.5,409.5,163,139,87.0,90.0,False
2026-08-09T18:15:42,fire,0.7585,224,326,342,479,283.0,402.5,118,153,89.5,90.0,False
2026-08-09T18:15:45,fire,0.5643,184,266,404,479,294.0,372.5,220,213,0.0,90.0,False
2026-08-09T18:15:45,fire,0.8366,163,222,410,479,286.5,350.5,247,257,88.2,90.0,False
2026-08-09T18:15:46,fire,0.7648,211,266,385,479,298.0,372.5,174,213,89.5,90.0,False
2026-08-09T18:15:47,fire,0.8200,201,283,364,479,282.5,381.0,163,196,87.6,90.0,False
2026-08-09T18:15:47,fire,0.7882,136,283,294,479,215.0,381.0,158,196,82.3,90.0,False
2026-08-09T18:15:48,fire,0.7287,136,283,298,479,217.0,381.0,162,196,85.5,90.0,False
2026-08-09T18:15:49,fire,0.7212,152,328,270,479,211.0,403.5,118,151,85.1,90.0,False
2026-08-09T18:15:49,fire,0.8295,149,319,269,479,209.0,399.0,120,160,85.0,90.0,False
2026-08-09T18:15:50,fire,0.4931,151,315,268,479,209.5,397.0,117,164,85.0,90.0,False
2026-08-09T18:15:50,fire,0.8187,140,322,268,479,204.0,400.5,128,157,84.5,90.0,False
2026-08-09T18:15:51,fire,0.8082,140,321,267,479,203.5,400.0,127,158,84.7,90.0,False
2026-08-09T18:15:52,fire,0.8365,138,322,266,479,202.0,400.5,128,157,84.7,90.0,False
2026-08-09T18:15:52,fire,0.8424,141,322,267,479,204.0,400.5,126,157,84.8,90.0,False
2026-08-09T18:15:52,fire,0.8476,138,321,264,479,201.0,400.0,126,158,84.5,90.0,False
2026-08-09T18:15:53,fire,0.8081,138,322,266,479,202.0,400.5,128,157,84.7,90.0,False
2026-08-09T18:15:54,fire,0.8130,137,322,269,479,203.0,400.5,132,157,84.8,90.0,False
2026-08-09T18:15:54,fire,0.7939,144,325,268,479,206.0,402.0,124,154,85.0,90.0,False
2026-08-09T18:15:55,fire,0.8285,154,319,277,479,215.5,399.0,123,160,85.7,90.0,False
2026-08-09T18:15:55,fire,0.7851,170,322,294,479,232.0,400.5,124,157,86.8,90.0,False
2026-08-09T18:15:56,fire,0.6769,223,343,405,479,314.0,411.0,182,136,93.9,90.0,False
2026-08-09T18:15:57,fire,0.5323,232,342,411,479,321.5,410.5,179,137,90.0,90.0,False
2026-08-09T18:15:57,fire,0.5744,299,339,413,479,356.0,409.0,114,140,93.2,90.0,False
2026-08-09T18:15:58,fire,0.6565,297,337,413,479,355.0,408.0,116,142,91.5,90.0,False
2026-08-09T18:15:59,fire,0.6998,307,336,420,479,363.5,407.5,113,143,92.3,90.0,False
2026-08-09T18:15:59,fire,0.5722,377,341,485,479,431.0,410.0,108,138,98.0,90.0,False
2026-08-09T18:16:00,fire,0.6498,417,378,503,479,460.0,428.5,86,101,97.6,90.0,False
2026-08-09T18:16:02,fire,0.6962,283,405,360,479,321.5,442.0,77,74,90.0,90.0,False
2026-08-09T18:16:02,fire,0.5173,283,404,361,479,322.0,441.5,78,75,90.0,90.0,False
2026-08-09T18:16:03,fire,0.4843,284,405,361,479,322.5,442.0,77,74,90.0,90.0,False
2026-08-09T18:16:03,fire,0.4018,284,404,361,479,322.5,441.5,77,75,90.0,90.0,False
2026-08-09T18:16:04,fire,0.4930,284,404,360,479,322.0,441.5,76,75,90.0,90.0,False
2026-08-09T18:16:05,fire,0.6034,387,410,475,479,431.0,444.5,88,69,100.0,90.0,False
2026-08-09T18:16:10,fire,0.5540,439,361,530,479,484.5,420.0,91,118,180.0,90.0,False
2026-08-09T18:16:10,fire,0.6301,428,359,516,479,472.0,419.0,88,120,96.3,90.0,False
2026-08-09T18:16:13,fire,0.5292,397,358,479,479,438.0,418.5,82,121,180.0,90.0,False
2026-08-09T18:16:13,fire,0.6384,353,364,434,479,393.5,421.5,81,115,91.3,90.0,False
2026-08-09T18:16:15,fire,0.7465,273,368,354,479,313.5,423.5,81,111,90.0,90.0,False
2026-08-09T18:16:16,fire,0.7001,273,367,353,479,313.0,423.0,80,112,90.0,90.0,False
2026-08-09T18:16:16,fire,0.6639,272,369,354,479,313.0,424.0,82,110,90.0,90.0,False
2026-08-09T18:16:17,fire,0.6863,272,370,354,479,313.0,424.5,82,109,90.0,90.0,False
2026-08-09T18:16:18,fire,0.7708,269,370,353,479,311.0,424.5,84,109,90.0,90.0,False
2026-08-09T18:16:18,fire,0.6238,272,367,353,479,312.5,423.0,81,112,90.0,90.0,False
2026-08-09T18:16:19,fire,0.5911,264,372,350,479,307.0,425.5,86,107,90.0,90.0,False
2026-08-09T18:16:39,fire,0.4895,0,359,100,479,50.0,419.0,100,120,0.0,90.0,False
2026-08-09T18:16:40,fire,0.7995,0,331,103,479,51.5,405.0,103,148,0.0,90.0,False
2026-08-09T18:16:45,fire,0.6936,0,350,123,479,61.5,414.5,123,129,0.0,90.0,False
2026-08-09T18:16:46,fire,0.4184,0,350,121,479,60.5,414.5,121,129,0.0,90.0,False
2026-08-09T18:16:47,fire,0.5854,0,356,112,479,56.0,417.5,112,123,77.9,90.0,False
2026-08-09T18:16:47,fire,0.6025,0,355,115,479,57.5,417.0,115,124,78.3,90.0,False
2026-08-09T18:16:48,fire,0.6554,0,356,111,479,55.5,417.5,111,123,78.0,90.0,False
2026-08-09T18:16:50,fire,0.5554,0,359,108,479,54.0,419.0,108,120,0.0,90.0,False
2026-08-09T18:16:50,fire,0.6095,0,358,106,479,53.0,418.5,106,121,77.9,90.0,False
2026-08-09T18:16:51,fire,0.7612,0,359,105,479,52.5,419.0,105,120,77.9,90.0,False
2026-08-09T18:16:52,fire,0.5361,0,359,105,479,52.5,419.0,105,120,0.0,90.0,False
2026-08-09T18:16:53,fire,0.5668,0,361,104,479,52.0,420.0,104,118,77.9,90.0,False
2026-08-09T18:16:53,fire,0.5517,0,360,109,479,54.5,419.5,109,119,78.2,90.0,False
2026-08-09T18:16:54,fire,0.6587,0,362,105,479,52.5,420.5,105,117,78.0,90.0,False
2026-08-09T18:16:54,fire,0.6416,0,361,104,479,52.0,420.0,104,118,77.9,90.0,False
2026-08-09T18:16:59,fire,0.4954,0,363,109,479,54.5,421.0,109,116,0.0,90.0,False
2026-08-09T18:17:02,fire,0.5296,0,362,123,479,61.5,420.5,123,117,0.0,90.0,False
2026-08-09T18:17:13,fire,0.6202,109,430,211,479,160.0,454.5,102,49,0.0,90.0,False
2026-08-09T18:17:16,fire,0.7512,0,335,91,479,45.5,407.0,91,144,0.0,90.0,False
2026-08-09T18:17:17,fire,0.4740,0,318,74,479,37.0,398.5,74,161,77.2,90.0,False
2026-08-09T18:17:18,fire,0.6325,0,340,72,479,36.0,409.5,72,139,0.0,90.0,False
2026-08-09T18:17:19,fire,0.4324,0,336,108,479,54.0,407.5,108,143,0.0,90.0,False
2026-08-09T18:17:20,fire,0.8764,0,320,120,479,60.0,399.5,120,159,78.6,90.0,False
2026-08-09T18:17:20,fire,0.8891,0,321,119,479,59.5,400.0,119,158,78.3,90.0,False
2026-08-09T18:17:21,fire,0.8786,0,324,118,479,59.0,401.5,118,155,78.2,90.0,False
2026-08-09T18:17:22,fire,0.8479,0,332,137,479,68.5,405.5,137,147,79.1,90.0,False
2026-08-09T18:17:23,fire,0.8312,2,334,145,479,73.5,406.5,143,145,78.9,90.0,False
2026-08-09T18:17:23,fire,0.8117,4,333,149,479,76.5,406.0,145,146,79.1,90.0,False
2026-08-09T18:17:24,fire,0.8099,4,334,149,479,76.5,406.5,145,145,79.0,90.0,False
2026-08-09T18:17:31,fire,0.8753,0,219,149,479,74.5,349.0,149,260,0.0,90.0,False
2026-08-09T18:17:32,fire,0.8558,14,113,175,362,94.5,237.5,161,249,79.9,90.0,False
2026-08-09T18:17:33,fire,0.8573,7,145,158,374,82.5,259.5,151,229,79.3,90.0,False
2026-08-09T18:17:33,fire,0.8335,9,154,173,379,91.0,266.5,164,225,79.7,90.0,False
2026-08-09T18:17:33,fire,0.6966,37,153,174,382,105.5,267.5,137,229,80.9,90.0,False
2026-08-09T18:17:34,fire,0.6889,42,160,175,382,108.5,271.0,133,222,80.6,90.0,False
2026-08-09T18:17:34,fire,0.7361,45,161,174,382,109.5,271.5,129,221,80.6,90.0,False
2026-08-09T18:17:35,fire,0.8278,48,163,178,383,113.0,273.0,130,220,80.8,90.0,False
2026-08-09T18:17:36,fire,0.7986,51,167,177,384,114.0,275.5,126,217,80.7,90.0,False
2026-08-09T18:17:37,fire,0.7771,54,168,177,386,115.5,277.0,123,218,80.8,90.0,False
2026-08-09T18:17:37,fire,0.7445,55,173,178,384,116.5,278.5,123,211,80.8,90.0,False
2026-08-09T18:17:37,fire,0.7855,100,185,242,387,171.0,286.0,142,202,85.7,90.0,False
2026-08-09T18:17:38,fire,0.6218,299,321,428,479,363.5,400.0,129,158,100.6,90.0,False
2026-08-09T18:17:47,fire,0.8375,496,242,603,413,549.5,327.5,107,171,180.0,90.0,False
2026-08-09T18:17:48,fire,0.7941,489,222,596,398,542.5,310.0,107,176,99.7,90.0,False
2026-08-09T18:18:06,fire,0.4440,553,254,638,463,595.5,358.5,85,209,180.0,90.0,False
2026-08-09T18:18:07,fire,0.5866,558,261,638,458,598.0,359.5,80,197,180.0,90.0,False
2026-08-09T18:18:07,fire,0.6079,556,265,638,462,597.0,363.5,82,197,102.4,90.0,False
2026-08-09T18:18:16,fire,0.8317,460,305,632,479,546.0,392.0,172,174,180.0,90.0,False
2026-08-09T18:18:16,fire,0.8292,457,304,631,479,544.0,391.5,174,175,100.0,90.0,False
2026-08-09T18:18:30,fire,0.5821,393,353,515,479,454.0,416.0,122,126,180.0,90.0,False
2026-08-09T18:18:31,fire,0.6259,377,357,514,479,445.5,418.0,137,122,95.3,90.0,False
2026-08-09T18:18:31,fire,0.6310,405,354,513,479,459.0,416.5,108,125,96.9,90.0,False
2026-08-09T18:18:32,fire,0.7447,408,357,514,479,461.0,418.0,106,122,96.4,90.0,False
2026-08-09T18:18:33,fire,0.4325,32,368,146,479,89.0,423.5,114,111,0.0,90.0,False
2026-08-09T18:18:34,fire,0.5593,239,373,356,479,297.5,426.0,117,106,98.3,90.0,False
2026-08-09T18:18:34,fire,0.7832,237,372,355,479,296.0,425.5,118,107,88.9,90.0,False
2026-08-09T18:18:35,fire,0.6744,274,373,355,479,314.5,426.0,81,106,91.1,90.0,False
2026-08-09T18:18:35,fire,0.6086,272,373,355,479,313.5,426.0,83,106,90.0,90.0,False
2026-08-09T18:18:36,fire,0.6386,237,373,356,479,296.5,426.0,119,106,88.9,90.0,False
2026-08-09T18:18:37,fire,0.5067,269,374,357,479,313.0,426.5,88,105,90.1,90.0,False
2026-08-09T18:18:37,fire,0.6381,277,373,356,479,316.5,426.0,79,106,90.0,90.0,False
2026-08-09T18:18:39,fire,0.6086,227,376,351,479,289.0,427.5,124,103,0.0,90.0,False
2026-08-09T18:18:44,fire,0.7272,0,309,72,479,36.0,394.0,72,170,0.0,90.0,False
2026-08-09T18:18:45,fire,0.6836,0,310,70,479,35.0,394.5,70,169,77.1,90.0,False
2026-08-09T18:18:45,fire,0.6917,0,314,71,479,35.5,396.5,71,165,77.2,90.0,False
2026-08-09T18:18:46,fire,0.4605,0,307,73,479,36.5,393.0,73,172,77.3,90.0,False
2026-08-09T18:18:47,fire,0.5603,0,304,75,479,37.5,391.5,75,175,77.3,90.0,False
2026-08-09T18:18:48,fire,0.6414,0,310,82,479,41.0,394.5,82,169,77.5,90.0,False
2026-08-09T18:18:48,fire,0.7354,0,310,84,479,42.0,394.5,84,169,77.5,90.0,False
2026-08-09T18:18:48,fire,0.6348,0,306,85,479,42.5,392.5,85,173,77.5,90.0,False
2026-08-09T18:18:49,fire,0.7687,0,308,87,479,43.5,393.5,87,171,77.6,90.0,False
2026-08-09T18:18:50,fire,0.8065,0,313,88,479,44.0,396.0,88,166,77.6,90.0,False
2026-08-09T18:18:50,fire,0.8263,0,314,91,479,45.5,396.5,91,165,77.7,90.0,False
2026-08-09T18:18:51,fire,0.7889,0,306,86,479,43.0,392.5,86,173,77.4,90.0,False
2026-08-09T18:18:51,fire,0.7269,0,307,85,479,42.5,393.0,85,172,77.5,90.0,False
2026-08-09T18:18:55,fire,0.5487,518,361,639,479,578.5,420.0,121,118,180.0,90.0,False
2026-08-09T18:19:19,fire,0.7299,312,0,636,173,474.0,86.5,324,173,180.0,90.0,False
2026-08-09T18:20:03,fire,0.5718,393,367,495,479,444.0,423.0,102,112,90.0,180.0,False
2026-08-09T18:20:04,fire,0.7180,388,420,461,479,424.5,449.5,73,59,90.0,100.6,False
2026-08-09T18:20:05,fire,0.5318,379,413,457,479,418.0,446.0,78,66,90.0,99.3,False
2026-08-09T18:20:05,fire,0.5097,372,410,454,479,413.0,444.5,82,69,90.0,99.2,False
2026-08-09T18:20:06,fire,0.6843,372,420,450,479,411.0,449.5,78,59,90.0,180.0,False
2026-08-09T18:20:09,fire,0.6867,372,425,447,479,409.5,452.0,75,54,90.0,180.0,False
2026-08-09T18:20:10,fire,0.6166,386,418,459,479,422.5,448.5,73,61,90.0,180.0,False
2026-08-09T18:20:12,fire,0.6643,386,417,459,479,422.5,448.0,73,62,90.0,180.0,False
2026-08-09T18:20:12,fire,0.6737,385,414,459,479,422.0,446.5,74,65,90.0,99.2,False
2026-08-09T18:20:13,fire,0.6128,386,415,458,479,422.0,447.0,72,64,90.0,99.3,False
2026-08-09T18:20:13,fire,0.8346,386,423,460,479,423.0,451.0,74,56,90.0,99.7,False
2026-08-09T18:20:14,fire,0.6895,388,424,460,479,424.0,451.5,72,55,90.0,99.5,False
2026-08-09T18:20:15,fire,0.8567,387,423,460,479,423.5,451.0,73,56,90.0,99.5,False
2026-08-09T18:20:21,fire,0.5122,389,381,472,479,430.5,430.0,83,98,90.0,180.0,False
2026-08-09T18:20:22,fire,0.6780,401,372,470,479,435.5,425.5,69,107,90.0,98.1,False
2026-08-09T18:20:22,fire,0.8442,398,377,467,479,432.5,428.0,69,102,90.0,98.6,False
2026-08-09T18:20:23,fire,0.7400,396,378,466,479,431.0,428.5,70,101,90.0,98.5,False
2026-08-09T18:20:27,fire,0.5257,521,0,564,45,542.5,22.5,43,45,90.0,0.0,False
2026-08-09T18:20:31,fire,0.8142,477,32,573,143,525.0,87.5,96,111,90.0,0.0,False
2026-08-09T18:20:32,fire,0.7229,491,18,596,151,543.5,84.5,105,133,90.0,0.0,False
2026-08-09T18:20:33,fire,0.6848,490,20,594,140,542.0,80.0,104,120,90.0,82.6,False
2026-08-09T18:20:50,fire,0.8101,520,31,639,288,579.5,159.5,119,257,90.0,0.0,False
2026-08-09T18:20:50,fire,0.7078,525,10,639,286,582.0,148.0,114,276,90.0,85.3,False
2026-08-09T18:20:51,fire,0.6500,54,128,349,370,201.5,249.0,295,242,90.0,94.1,False
2026-08-09T18:20:52,fire,0.8880,7,120,170,339,88.5,229.5,163,219,90.0,90.0,False
2026-08-09T18:20:53,fire,0.8859,51,118,206,324,128.5,221.0,155,206,90.0,89.1,False
2026-08-09T18:20:53,fire,0.8849,43,120,201,332,122.0,226.0,158,212,90.0,90.8,False
2026-08-09T18:20:53,fire,0.8837,45,119,200,330,122.5,224.5,155,211,90.0,88.6,False
2026-08-09T18:20:54,fire,0.8914,44,120,201,330,122.5,225.0,157,210,90.0,90.7,False
2026-08-09T18:20:54,fire,0.8919,46,120,202,331,124.0,225.5,156,211,90.0,90.0,False
2026-08-09T18:20:55,fire,0.8972,46,123,204,332,125.0,227.5,158,209,90.0,90.0,False
2026-08-09T18:20:56,fire,0.8924,43,123,203,333,123.0,228.0,160,210,90.0,90.0,False
2026-08-09T18:20:56,fire,0.8932,45,123,202,332,123.5,227.5,157,209,90.0,90.0,False
2026-08-09T18:20:57,fire,0.8928,43,122,203,333,123.0,227.5,160,211,90.0,90.0,False
2026-08-09T18:20:58,fire,0.8938,47,125,205,335,126.0,230.0,158,210,90.0,90.0,False
2026-08-09T18:20:59,fire,0.8027,88,136,231,330,159.5,233.0,143,194,90.0,90.0,False
2026-08-09T18:21:00,fire,0.8430,110,350,239,479,174.5,414.5,129,129,90.0,180.0,False
2026-08-09T18:21:01,fire,0.8450,125,338,259,479,192.0,408.5,134,141,90.0,97.3,False
2026-08-09T18:21:02,fire,0.6693,117,350,254,479,185.5,414.5,137,129,90.0,98.1,False
2026-08-09T18:21:02,fire,0.8441,96,360,229,479,162.5,419.5,133,119,90.0,98.3,False
2026-08-09T18:21:03,fire,0.7799,98,360,228,479,163.0,419.5,130,119,90.0,98.1,False
2026-08-09T18:21:04,fire,0.8504,98,360,228,479,163.0,419.5,130,119,90.0,98.1,False
2026-08-09T18:21:04,fire,0.6410,106,351,265,479,185.5,415.0,159,128,90.0,97.7,False
2026-08-09T18:21:05,fire,0.4924,0,415,195,479,97.5,447.0,195,64,90.0,100.7,False
2026-08-09T18:21:06,fire,0.8501,286,220,403,398,344.5,309.0,117,178,90.0,180.0,False
2026-08-09T18:21:07,fire,0.8820,305,233,416,387,360.5,310.0,111,154,90.0,93.2,False
2026-08-09T18:21:08,fire,0.8925,307,221,410,381,358.5,301.0,103,160,90.0,92.3,False
2026-08-09T18:21:09,fire,0.8732,301,231,410,388,355.5,309.5,109,157,90.0,93.2,False
2026-08-09T18:21:09,fire,0.8627,300,230,406,387,353.0,308.5,106,157,90.0,93.0,False
2026-08-09T18:21:09,fire,0.8343,316,233,434,393,375.0,313.0,118,160,90.0,93.5,False
2026-08-09T18:21:10,fire,0.5136,492,310,604,444,548.0,377.0,112,134,90.0,99.0,False
2026-08-09T18:21:11,fire,0.8788,522,331,622,464,572.0,397.5,100,133,90.0,97.2,False
2026-08-09T18:21:11,fire,0.8896,519,332,619,465,569.0,398.5,100,133,90.0,97.2,False
2026-08-09T18:21:12,fire,0.8557,518,330,620,460,569.0,395.0,102,130,90.0,96.8,False
2026-08-09T18:21:15,fire,0.6381,535,290,631,410,583.0,350.0,96,120,90.0,180.0,False
2026-08-09T18:21:15,fire,0.8777,499,59,573,161,536.0,110.0,74,102,90.0,73.7,False
2026-08-09T18:21:16,fire,0.8830,503,57,578,161,540.5,109.0,75,104,90.0,84.1,False
2026-08-09T18:21:17,fire,0.8719,505,55,581,156,543.0,105.5,76,101,90.0,83.8,False
2026-08-09T18:21:18,fire,0.8404,238,129,300,218,269.0,173.5,62,89,90.0,0.0,False
2026-08-09T18:21:19,fire,0.6669,592,0,639,106,615.5,53.0,47,106,90.0,0.0,False
2026-08-09T18:21:20,fire,0.7443,593,0,639,108,616.0,54.0,46,108,90.0,81.7,False
2026-08-09T18:21:20,fire,0.7805,591,0,639,102,615.0,51.0,48,102,90.0,81.4,False
2026-08-09T18:21:21,fire,0.8137,591,0,639,108,615.0,54.0,48,108,90.0,81.8,False
2026-08-09T18:21:21,fire,0.7864,594,0,639,104,616.5,52.0,45,104,90.0,81.5,False
2026-08-09T18:21:22,fire,0.7234,599,0,639,94,619.0,47.0,40,94,90.0,81.1,False
2026-08-09T18:21:23,fire,0.7520,597,0,639,105,618.0,52.5,42,105,90.0,81.8,False
2026-08-09T18:21:24,fire,0.7236,535,33,618,144,576.5,88.5,83,111,90.0,83.3,False
2026-08-09T18:21:24,fire,0.8413,473,75,550,177,511.5,126.0,77,102,90.0,85.0,False
2026-08-09T18:21:40,fire,0.8008,114,195,188,314,151.0,254.5,74,119,90.0,90.0,False
2026-08-09T18:21:40,fire,0.8852,103,184,183,307,143.0,245.5,80,123,90.0,90.0,False
2026-08-09T18:21:41,fire,0.8797,110,190,185,311,147.5,250.5,75,121,90.0,90.0,False
2026-08-09T18:21:42,fire,0.8752,107,196,180,314,143.5,255.0,73,118,90.0,90.0,False
2026-08-09T18:21:42,fire,0.8362,115,195,188,316,151.5,255.5,73,121,90.0,90.8,False
2026-08-09T18:21:43,fire,0.8523,123,193,195,305,159.0,249.0,72,112,90.0,89.9,False
2026-08-09T18:21:43,fire,0.8917,125,190,199,304,162.0,247.0,74,114,90.0,90.0,False
2026-08-09T18:21:43,fire,0.8662,129,189,200,303,164.5,246.0,71,114,90.0,90.0,False
2026-08-09T18:21:44,fire,0.8847,134,190,201,305,167.5,247.5,67,115,90.0,90.0,False
2026-08-09T18:21:45,fire,0.8944,135,191,201,303,168.0,247.0,66,112,90.0,90.0,False
2026-08-09T18:21:45,fire,0.8947,135,190,202,304,168.5,247.0,67,114,90.0,90.0,False
2026-08-09T18:21:46,fire,0.8622,135,193,201,304,168.0,248.5,66,111,90.0,90.0,False
2026-08-09T18:21:46,fire,0.8713,138,195,205,305,171.5,250.0,67,110,90.0,90.0,False
2026-08-09T18:22:25,fire,0.6844,0,255,61,429,30.5,342.0,61,174,0.0,180.0,False
2026-08-09T18:22:26,fire,0.8864,52,290,220,478,136.0,384.0,168,188,86.4,98.4,False
2026-08-09T18:22:27,fire,0.8415,85,274,227,475,156.0,374.5,142,201,83.5,95.6,False
2026-08-09T18:22:30,fire,0.7500,50,344,225,479,137.5,411.5,175,135,0.0,180.0,False
2026-08-09T18:22:30,fire,0.9046,74,280,223,479,148.5,379.5,149,199,82.8,94.8,False
2026-08-09T18:22:31,fire,0.9088,75,277,229,479,152.0,378.0,154,202,82.6,96.1,False
2026-08-09T18:22:31,fire,0.9122,75,275,229,479,152.0,377.0,154,204,82.4,96.1,False
2026-08-09T18:22:32,fire,0.9176,75,274,229,479,152.0,376.5,154,205,82.4,96.1,False
2026-08-09T18:22:33,fire,0.9149,74,273,229,479,151.5,376.0,155,206,82.4,96.1,False
2026-08-09T18:22:33,fire,0.9082,76,273,230,479,153.0,376.0,154,206,82.6,96.1,False
2026-08-09T18:22:34,fire,0.9091,80,274,234,479,157.0,376.5,154,205,82.8,96.2,False
2026-08-09T18:22:34,fire,0.9035,82,275,235,479,158.5,377.0,153,204,82.8,96.2,False
2026-08-09T18:22:35,fire,0.8986,80,274,235,479,157.5,376.5,155,205,82.6,96.1,False
2026-08-09T18:22:36,fire,0.9045,78,274,231,479,154.5,376.5,153,205,82.5,96.1,False
2026-08-09T18:22:36,fire,0.9143,76,272,229,479,152.5,375.5,153,207,82.4,96.1,False
2026-08-09T18:22:37,fire,0.4555,275,390,426,479,350.5,434.5,151,89,92.1,99.0,False
2026-08-09T18:22:38,fire,0.7352,523,411,614,479,568.5,445.0,91,68,180.0,180.0,False
2026-08-09T18:22:39,fire,0.8001,542,424,632,479,587.0,451.5,90,55,102.8,99.8,False
2026-08-09T18:22:39,fire,0.7199,557,428,639,479,598.0,453.5,82,51,103.0,99.7,False
2026-08-09T18:22:40,fire,0.7598,557,428,639,479,598.0,453.5,82,51,102.5,99.6,False
2026-08-09T18:22:51,fire,0.5403,576,0,639,118,607.5,59.0,63,118,180.0,0.0,False
2026-08-09T18:24:28,fire,0.6685,425,70,569,256,497.0,163.0,144,186,180.0,180.0,False
2026-08-09T18:24:28,fire,0.8995,419,144,545,331,482.0,237.5,126,187,96.6,86.6,False
2026-08-09T18:24:29,fire,0.9175,376,166,503,350,439.5,258.0,127,184,93.5,88.4,False
2026-08-09T18:24:30,fire,0.6993,145,206,262,377,203.5,291.5,117,171,74.2,86.2,False
2026-08-09T18:24:30,fire,0.8638,146,216,254,411,200.0,313.5,108,195,84.4,85.7,False
2026-08-09T18:24:31,fire,0.8435,142,219,252,414,197.0,316.5,110,195,84.3,86.4,False
2026-08-09T18:24:31,fire,0.8807,136,223,247,423,191.5,323.0,111,200,84.0,86.0,False
2026-08-09T18:24:32,fire,0.8495,135,229,244,419,189.5,324.0,109,190,84.0,86.2,False
2026-08-09T18:24:33,fire,0.8317,135,229,244,422,189.5,325.5,109,193,84.1,86.1,False
2026-08-09T18:24:33,fire,0.8663,131,236,240,417,185.5,326.5,109,181,83.8,86.1,False
2026-08-09T18:24:34,fire,0.8698,129,236,239,423,184.0,329.5,110,187,83.8,85.8,False
2026-08-09T18:24:35,fire,0.8567,97,338,216,479,156.5,408.5,119,141,81.4,78.9,False
2026-08-09T18:24:35,fire,0.8764,137,368,251,479,194.0,423.5,114,111,86.0,81.1,False
2026-08-09T18:24:36,fire,0.8545,134,374,248,479,191.0,426.5,114,105,84.1,81.5,False
2026-08-09T18:24:37,fire,0.8449,134,377,247,479,190.5,428.0,113,102,84.2,81.5,False
2026-08-09T18:24:37,fire,0.8541,136,376,249,479,192.5,427.5,113,103,84.4,81.6,False
2026-08-09T18:24:38,fire,0.8600,137,377,249,479,193.0,428.0,112,102,84.3,81.5,False
2026-08-09T18:24:56,fire,0.4214,353,442,385,479,369.0,460.5,32,37,180.0,0.0,False
2026-08-09T18:25:25,fire,0.8966,477,313,638,479,557.5,396.0,161,166,180.0,0.0,False
2026-08-09T18:25:26,fire,0.8946,483,312,639,479,561.0,395.5,156,167,101.0,83.0,False
2026-08-09T18:25:26,fire,0.9043,487,296,639,479,563.0,387.5,152,183,101.0,83.7,False
2026-08-09T18:25:27,fire,0.8981,483,304,639,478,561.0,391.0,156,174,100.8,83.0,False
2026-08-09T18:25:27,fire,0.8993,483,307,639,479,561.0,393.0,156,172,100.8,83.0,False
2026-08-09T18:25:28,fire,0.8876,480,315,638,479,559.0,397.0,158,164,100.7,82.8,False
2026-08-09T18:25:29,fire,0.7774,419,344,577,479,498.0,411.5,158,135,180.0,0.0,False
2026-08-09T18:25:33,fire,0.7411,0,366,121,479,60.5,422.5,121,113,0.0,0.0,False
2026-08-09T18:25:34,fire,0.8231,0,365,92,479,46.0,422.0,92,114,77.6,81.8,False
2026-08-09T18:25:34,fire,0.8342,0,366,93,479,46.5,422.5,93,113,77.7,81.8,False
2026-08-09T18:25:35,fire,0.8268,0,365,94,479,47.0,422.0,94,114,77.7,81.8,False
2026-08-09T18:25:36,fire,0.8162,0,363,95,479,47.5,421.0,95,116,77.7,81.9,False
2026-08-09T18:25:36,fire,0.8207,0,360,95,479,47.5,419.5,95,119,77.7,82.0,False
2026-08-09T18:25:36,fire,0.8240,0,363,95,479,47.5,421.0,95,116,77.7,81.8,False
2026-08-09T18:25:37,fire,0.8287,0,369,96,479,48.0,424.0,96,110,77.8,81.6,False
2026-08-09T18:25:38,fire,0.8396,0,372,98,479,49.0,425.5,98,107,77.8,81.6,False
2026-08-09T18:25:38,fire,0.8401,0,372,97,479,48.5,425.5,97,107,77.8,81.7,False
2026-08-09T18:25:39,fire,0.8388,0,373,98,479,49.0,426.0,98,106,77.8,81.6,False
2026-08-09T18:25:39,fire,0.8466,0,378,95,479,47.5,428.5,95,101,77.7,81.4,False
2026-08-09T18:25:40,fire,0.8310,0,398,105,479,52.5,438.5,105,81,78.2,80.6,False
2026-08-09T18:25:41,fire,0.8192,0,401,107,479,53.5,440.0,107,78,78.1,80.9,False
2026-08-09T18:25:41,fire,0.8031,0,405,111,479,55.5,442.0,111,74,78.2,80.8,False
2026-08-09T18:25:42,fire,0.8395,0,403,123,479,61.5,441.0,123,76,78.6,81.0,False
2026-08-09T18:25:42,fire,0.8225,36,392,159,479,97.5,435.5,123,87,81.6,81.4,False
2026-08-09T18:25:43,fire,0.8434,66,380,191,479,128.5,429.5,125,99,82.8,81.7,False
2026-08-09T18:25:44,fire,0.8033,67,381,189,479,128.0,430.0,122,98,81.3,81.4,False
2026-08-09T18:27:40,fire,0.8318,0,340,61,479,30.5,409.5,61,139,0.0,0.0,False
2026-08-09T18:27:41,fire,0.8751,0,296,116,479,58.0,387.5,116,183,79.4,84.3,False
2026-08-09T18:27:41,fire,0.8543,0,311,105,479,52.5,395.0,105,168,77.7,82.7,False
2026-08-09T18:27:42,fire,0.8382,0,322,86,479,43.0,400.5,86,157,77.1,82.5,False
2026-08-09T18:27:42,fire,0.8450,0,328,86,479,43.0,403.5,86,151,77.5,82.5,False
2026-08-09T18:27:43,fire,0.8242,0,317,87,479,43.5,398.0,87,162,77.6,83.1,False
2026-08-09T18:27:44,fire,0.8287,0,320,89,479,44.5,399.5,89,159,77.6,82.8,False
2026-08-09T18:27:44,fire,0.8249,0,317,94,479,47.0,398.0,94,162,77.8,83.0,False
2026-08-09T18:27:45,fire,0.6401,46,392,202,479,124.0,435.5,156,87,84.6,79.5,False
2026-08-09T18:27:45,fire,0.7789,163,420,255,479,209.0,449.5,92,59,88.8,79.9,False
2026-08-09T18:27:46,fire,0.8110,177,416,268,479,222.5,447.5,91,63,86.2,80.8,False
2026-08-09T18:27:47,fire,0.8349,361,398,459,479,410.0,438.5,98,81,102.3,81.5,False
2026-08-09T18:27:55,fire,0.6376,285,409,376,479,330.5,444.0,91,70,180.0,0.0,False
2026-08-09T18:27:55,fire,0.7602,285,409,378,479,331.5,444.0,93,70,90.6,80.8,False
2026-08-09T18:27:55,fire,0.7552,284,410,371,479,327.5,444.5,87,69,89.5,80.8,False
2026-08-09T18:27:56,fire,0.7354,284,409,379,479,331.5,444.0,95,70,91.0,80.8,False
2026-08-09T18:27:57,fire,0.7681,285,407,381,479,333.0,443.0,96,72,90.7,80.9,False
2026-08-09T18:27:57,fire,0.7827,285,407,381,479,333.0,443.0,96,72,90.6,80.9,False
2026-08-09T18:28:01,fire,0.7712,258,408,351,479,304.5,443.5,93,71,0.0,0.0,False
2026-08-09T18:28:02,fire,0.8139,257,393,350,479,303.5,436.0,93,86,89.2,81.5,False
2026-08-09T18:28:03,fire,0.8188,257,405,351,479,304.0,442.0,94,74,89.3,80.6,False
2026-08-09T18:28:03,fire,0.8124,257,410,351,479,304.0,444.5,94,69,89.3,80.7,False
2026-08-09T18:28:04,fire,0.8098,257,409,351,479,304.0,444.0,94,70,89.3,80.8,False
2026-08-09T18:28:04,fire,0.7055,257,409,350,479,303.5,444.0,93,70,89.2,80.8,False
2026-08-09T18:28:13,fire,0.5280,255,400,353,479,304.0,439.5,98,79,0.0,0.0,False
2026-08-09T18:28:13,fire,0.7735,256,400,352,479,304.0,439.5,96,79,89.3,81.0,False
2026-08-09T18:28:14,fire,0.8209,246,399,345,479,295.5,439.0,99,80,88.5,81.1,False
2026-08-09T18:28:44,fire,0.6057,533,395,639,479,586.0,437.0,106,84,180.0,0.0,False
2026-08-09T18:28:45,fire,0.7847,549,402,639,479,594.0,440.5,90,77,102.4,81.0,False
2026-08-09T18:28:47,fire,0.7215,469,418,604,479,536.5,448.5,135,61,180.0,0.0,False
2026-08-09T18:29:02,fire,0.7733,0,0,195,282,97.5,141.0,195,282,0.0,180.0,False
2026-08-09T18:29:03,fire,0.7616,0,0,164,215,82.0,107.5,164,215,79.2,96.1,False
2026-08-09T18:29:04,fire,0.7879,0,0,161,213,80.5,106.5,161,213,79.2,96.0,False
2026-08-09T18:29:04,fire,0.7436,0,0,131,171,65.5,85.5,131,171,77.9,97.9,False
2026-08-09T18:29:04,fire,0.4892,0,0,48,145,24.0,72.5,48,145,74.8,98.1,False
2026-08-09T18:29:05,fire,0.4276,0,0,48,145,24.0,72.5,48,145,76.7,97.5,False
2026-08-09T18:29:06,fire,0.6993,0,9,39,126,19.5,67.5,39,117,76.3,98.0,False
2026-08-09T18:29:06,fire,0.7525,0,6,38,122,19.0,64.0,38,116,76.4,98.1,False
2026-08-09T18:29:12,fire,0.8996,442,222,639,479,540.5,350.5,197,257,180.0,0.0,False
2026-08-09T18:29:13,fire,0.8577,403,244,639,479,521.0,361.5,236,235,98.2,84.0,False
2026-08-09T18:29:15,fire,0.8651,147,279,344,479,245.5,379.0,197,200,0.0,0.0,False
2026-08-09T18:29:15,fire,0.9285,165,279,348,479,256.5,379.0,183,200,87.6,83.7,False
2026-08-09T18:29:16,fire,0.8716,176,306,320,479,248.0,392.5,144,173,86.4,82.5,False
2026-08-09T18:29:17,fire,0.9021,171,302,331,479,251.0,390.5,160,177,87.0,83.3,False
2026-08-09T18:29:17,fire,0.9036,171,302,331,479,251.0,390.5,160,177,86.9,83.2,False
2026-08-09T18:29:18,fire,0.9116,170,303,331,479,250.5,391.0,161,176,86.9,83.2,False
2026-08-09T18:29:18,fire,0.9037,171,303,332,479,251.5,391.0,161,176,87.0,83.2,False
2026-08-09T18:29:19,fire,0.9021,171,303,332,479,251.5,391.0,161,176,86.9,83.2,False
2026-08-09T18:29:20,fire,0.9098,171,303,331,479,251.0,391.0,160,176,86.9,83.2,False
2026-08-09T18:29:20,fire,0.7947,130,339,314,479,222.0,409.0,184,140,84.3,81.6,False
2026-08-09T18:48:36,fire,0.7825,48,135,259,394,153.5,264.5,211,259,0.0,0.0,False
2026-08-09T18:48:37,fire,0.5281,18,14,306,333,162.0,173.5,288,319,83.3,97.1,False
2026-08-09T18:48:38,fire,0.5405,28,76,331,403,179.5,239.5,303,327,0.0,90.0,False
2026-08-09T18:48:40,fire,0.4751,3,155,295,479,149.0,317.0,292,324,0.0,0.0,False
2026-08-09T18:48:40,fire,0.8320,1,188,276,479,138.5,333.5,275,291,81.4,85.1,False
2026-08-09T18:48:41,fire,0.8526,1,188,275,479,138.0,333.5,274,291,81.8,85.8,False
2026-08-09T18:48:42,fire,0.8482,1,186,270,479,135.5,332.5,269,293,81.7,85.8,False
2026-08-09T18:48:42,fire,0.8309,0,187,280,479,140.0,333.0,280,292,81.9,85.8,False
2026-08-09T18:48:42,fire,0.8335,2,186,290,479,146.0,332.5,288,293,82.4,85.9,False
2026-08-09T18:48:43,fire,0.8274,0,187,276,479,138.0,333.0,276,292,81.5,85.8,False
2026-08-09T18:48:44,fire,0.8248,2,187,290,479,146.0,333.0,288,292,82.5,85.8,False
2026-08-09T18:48:48,fire,0.8637,0,61,120,233,60.0,147.0,120,172,0.0,180.0,False
2026-08-09T18:48:50,fire,0.8663,92,303,214,474,153.0,388.5,122,171,0.0,0.0,False
2026-08-09T18:48:50,fire,0.8663,67,293,220,461,143.5,377.0,153,168,81.6,84.4,False
2026-08-09T18:48:51,fire,0.8506,18,300,204,478,111.0,389.0,186,178,79.1,82.8,False
2026-08-09T18:48:52,fire,0.8559,78,297,198,456,138.0,376.5,120,159,81.9,83.9,False
2026-08-09T18:48:52,fire,0.8782,37,288,214,465,125.5,376.5,177,177,80.7,83.9,False
2026-08-09T18:48:53,fire,0.7916,85,293,214,465,149.5,379.0,129,172,83.4,83.6,False
2026-08-09T18:48:53,fire,0.8348,69,304,196,473,132.5,388.5,127,169,80.8,82.9,False
2026-08-09T18:48:54,fire,0.8530,30,299,213,478,121.5,388.5,183,179,80.6,83.3,False
2026-08-09T18:48:55,fire,0.8865,45,294,199,476,122.0,385.0,154,182,81.1,83.6,False
2026-08-09T18:48:55,fire,0.8686,20,287,199,472,109.5,379.5,179,185,80.0,84.0,False
2026-08-09T18:48:56,fire,0.8888,23,290,194,466,108.5,378.0,171,176,80.4,83.9,False
2026-08-09T18:48:56,fire,0.8709,25,275,199,452,112.0,363.5,174,177,80.8,85.1,False
2026-08-09T18:49:04,fire,0.6956,0,282,57,393,28.5,337.5,57,111,0.0,0.0,False
2026-08-09T18:49:05,fire,0.7277,0,283,58,391,29.0,337.0,58,108,76.9,85.7,False
2026-08-09T18:49:18,fire,0.5858,87,334,185,479,136.0,406.5,98,145,0.0,0.0,False
2026-08-09T18:49:18,fire,0.8670,100,146,184,278,142.0,212.0,84,132,82.3,100.0,False
2026-08-09T18:49:19,fire,0.8741,104,148,188,280,146.0,214.0,84,132,82.3,91.1,False
2026-08-09T18:49:20,fire,0.7330,118,139,205,269,161.5,204.0,87,130,83.5,92.1,False
2026-08-09T18:49:21,fire,0.4385,117,143,208,275,162.5,209.0,91,132,0.0,180.0,False
2026-08-09T18:49:22,fire,0.7226,127,139,211,268,169.0,203.5,84,129,83.2,91.7,False
2026-08-09T18:49:22,fire,0.8761,126,131,212,264,169.0,197.5,86,133,83.2,92.2,False
2026-08-09T18:58:17,fire,0.8375,203,166,367,363,285.0,264.5,164,197,0.0,0.0,False
2026-08-09T18:58:17,fire,0.7848,169,230,322,475,245.5,352.5,153,245,84.9,81.0,False
2026-08-09T18:58:18,fire,0.7915,172,228,321,476,246.5,352.0,149,248,86.7,85.0,False
2026-08-09T18:58:19,fire,0.7837,171,230,321,476,246.0,353.0,150,246,86.7,84.9,False
2026-08-09T18:58:19,fire,0.8092,174,231,321,475,247.5,353.0,147,244,86.8,84.9,False
2026-08-09T18:58:20,fire,0.8164,174,231,321,476,247.5,353.5,147,245,86.7,84.9,False
2026-08-09T18:58:20,fire,0.7966,176,232,322,476,249.0,354.0,146,244,86.9,84.8,False
2026-08-09T18:58:21,fire,0.7982,177,231,322,475,249.5,353.0,145,244,86.8,85.0,False
2026-08-09T18:58:22,fire,0.8509,0,130,124,399,62.0,264.5,124,269,0.0,0.0,False
2026-08-09T18:58:23,fire,0.8898,0,122,128,395,64.0,258.5,128,273,78.5,89.2,False
2026-08-09T18:58:24,fire,0.8841,0,123,142,392,71.0,257.5,142,269,78.8,89.2,False
2026-08-09T18:58:24,fire,0.8909,0,122,144,390,72.0,256.0,144,268,78.9,89.3,False
2026-08-09T18:58:24,fire,0.6313,0,169,139,382,69.5,275.5,139,213,78.6,87.5,False
2026-08-09T18:58:25,fire,0.8533,0,153,142,420,71.0,286.5,142,267,78.9,87.4,False
2026-08-09T18:58:26,fire,0.8486,0,153,143,420,71.5,286.5,143,267,78.8,87.9,False
2026-08-09T18:58:26,fire,0.8333,0,154,145,420,72.5,287.0,145,266,78.9,87.9,False
2026-08-09T18:58:27,fire,0.8426,0,156,143,421,71.5,288.5,143,265,78.8,87.8,False
2026-08-09T18:58:28,fire,0.8552,0,158,142,420,71.0,289.0,142,262,78.8,87.8,False
2026-08-09T18:58:32,fire,0.6056,0,100,125,407,62.5,253.5,125,307,0.0,90.0,False
2026-08-09T18:58:32,fire,0.5610,0,89,136,390,68.0,239.5,136,301,78.9,90.0,False
2026-08-09T18:58:33,fire,0.6085,0,66,189,418,94.5,242.0,189,352,81.0,90.0,False
2026-08-09T18:58:33,fire,0.5208,0,108,185,431,92.5,269.5,185,323,79.7,87.4,False
2026-08-09T18:58:34,fire,0.7098,2,101,168,444,85.0,272.5,166,343,79.1,88.4,False
2026-08-09T18:58:34,fire,0.7484,0,292,145,479,72.5,385.5,145,187,78.3,78.4,False
2026-08-09T18:58:36,fire,0.9040,0,294,152,479,76.0,386.5,152,185,79.0,83.4,False
2026-08-09T18:58:36,fire,0.8820,0,294,155,479,77.5,386.5,155,185,79.1,83.4,False
2026-08-09T18:58:36,fire,0.8802,0,317,158,479,79.0,398.0,158,162,79.2,82.4,False
2026-08-09T18:58:37,fire,0.8778,0,316,158,479,79.0,397.5,158,163,79.2,82.9,False
2026-08-09T18:58:38,fire,0.7860,0,34,183,358,91.5,196.0,183,324,79.8,92.7,False
2026-08-09T18:58:39,fire,0.8762,1,224,163,479,82.0,351.5,162,255,0.0,0.0,False
2026-08-09T18:58:39,fire,0.8864,1,227,167,479,84.0,353.0,166,252,79.5,84.8,False
2026-08-09T18:58:40,fire,0.8492,0,225,168,479,84.0,352.0,168,254,79.4,85.0,False
2026-08-09T18:58:40,fire,0.8718,0,228,169,479,84.5,353.5,169,251,79.4,84.8,False
2026-08-09T18:58:41,fire,0.8379,0,212,169,479,84.5,345.5,169,267,79.4,85.6,False
2026-08-09T18:58:45,fire,0.6960,0,205,187,479,93.5,342.0,187,274,0.0,0.0,False
2026-08-09T18:58:45,fire,0.8435,0,193,205,479,102.5,336.0,205,286,80.2,85.7,False
2026-08-09T18:58:46,fire,0.7252,39,193,294,468,166.5,330.5,255,275,83.3,85.9,False
2026-08-09T18:58:46,fire,0.8506,57,198,302,460,179.5,329.0,245,262,83.7,86.0,False
2026-08-09T18:58:47,fire,0.8287,58,231,309,479,183.5,355.0,251,248,0.0,0.0,False
2026-08-09T18:58:48,fire,0.7699,52,245,297,479,174.5,362.0,245,234,83.1,84.2,False
2026-08-09T18:58:48,fire,0.7191,45,231,308,479,176.5,355.0,263,248,83.6,85.1,False
2026-08-09T18:58:49,fire,0.5557,40,259,315,479,177.5,369.0,275,220,83.6,83.6,False
2026-08-09T18:58:50,fire,0.7724,49,238,296,479,172.5,358.5,247,241,83.1,85.1,False
2026-08-09T18:58:50,fire,0.7731,50,237,305,479,177.5,358.0,255,242,83.8,84.7,False
2026-08-09T18:58:51,fire,0.6714,48,234,298,479,173.0,356.5,250,245,83.2,84.8,False
2026-08-09T18:58:51,fire,0.7086,50,231,300,479,175.0,355.0,250,248,83.6,84.9,False
2026-08-09T18:58:52,fire,0.8349,43,242,308,479,175.5,360.5,265,237,83.5,84.3,False
2026-08-09T18:58:53,fire,0.8334,41,228,301,479,171.0,353.5,260,251,83.1,85.2,False
2026-08-09T18:58:53,fire,0.7922,57,230,303,479,180.0,354.5,246,249,84.1,84.8,False
2026-08-09T18:58:54,fire,0.5172,173,289,445,479,309.0,384.0,272,190,96.3,82.2,False
2026-08-09T18:58:55,fire,0.7170,440,374,596,479,518.0,426.5,156,105,180.0,0.0,False
2026-08-09T18:58:59,fire,0.8615,342,405,474,479,408.0,442.0,132,74,180.0,0.0,False
2026-08-09T18:59:00,fire,0.8188,384,405,537,479,460.5,442.0,153,74,98.6,80.9,False
2026-08-09T18:59:00,fire,0.7693,318,413,435,479,376.5,446.0,117,66,88.9,80.6,False
2026-08-09T18:59:01,fire,0.8543,264,388,388,479,326.0,433.5,124,91,87.5,81.9,False
2026-08-09T18:59:01,fire,0.8663,271,396,388,479,329.5,437.5,117,83,90.0,80.9,False
2026-08-09T18:59:02,fire,0.8783,268,394,388,479,328.0,436.5,120,85,90.0,81.2,False
2026-08-09T18:59:03,fire,0.8697,268,397,387,479,327.5,438.0,119,82,90.0,81.0,False
2026-08-09T18:59:03,fire,0.8481,270,400,390,479,330.0,439.5,120,79,90.0,81.0,False
2026-08-09T18:59:04,fire,0.8223,240,399,356,479,298.0,439.0,116,80,88.0,81.1,False
2026-08-09T18:59:04,fire,0.8362,238,399,355,479,296.5,439.0,117,80,88.9,81.0,False
2026-08-09T18:59:05,fire,0.6486,226,314,349,479,287.5,396.5,123,165,88.1,84.9,False
2026-08-09T18:59:06,fire,0.8536,228,214,325,363,276.5,288.5,97,149,87.5,92.7,False
2026-08-09T18:59:06,fire,0.8722,228,202,325,350,276.5,276.0,97,148,88.0,88.9,False
2026-08-09T18:59:07,fire,0.8681,230,204,325,351,277.5,277.5,95,147,88.1,88.2,False
2026-08-09T18:59:08,fire,0.8646,222,217,319,362,270.5,289.5,97,145,87.7,87.7,False
2026-08-09T18:59:08,fire,0.8713,230,216,324,364,277.0,290.0,94,148,88.1,87.7,False
2026-08-09T18:59:09,fire,0.8727,229,219,322,366,275.5,292.5,93,147,88.0,87.6,False
2026-08-09T18:59:09,fire,0.8488,229,219,323,368,276.0,293.5,94,149,88.0,87.5,False
2026-08-09T18:59:10,fire,0.8124,233,223,326,376,279.5,299.5,93,153,88.3,87.1,False
2026-08-09T18:59:10,fire,0.8536,231,224,323,375,277.0,299.5,92,151,88.0,87.3,False
2026-08-09T19:08:19,fire,0.7632,46,183,286,479,166.0,331.0,240,296,0.0,0.0,False
2026-08-09T19:08:19,fire,0.8059,55,223,299,479,177.0,351.0,244,256,84.1,84.1,False
2026-08-09T19:08:20,fire,0.7627,72,212,342,479,207.0,345.5,270,267,86.3,85.5,False
2026-08-09T19:08:20,fire,0.7586,68,216,351,479,209.5,347.5,283,263,85.1,85.1,False
2026-08-09T19:08:21,fire,0.8412,40,231,310,479,175.0,355.0,270,248,81.9,84.5,False
2026-08-09T19:08:23,fire,0.6084,0,170,149,479,74.5,324.5,149,309,0.0,0.0,False
2026-08-09T19:08:24,fire,0.5763,0,107,152,419,76.0,263.0,152,312,79.0,89.2,False
2026-08-09T19:08:24,fire,0.4406,1,98,164,448,82.5,273.0,163,350,79.3,88.5,False
2026-08-09T19:08:26,fire,0.4150,2,154,278,479,140.0,316.5,276,325,0.0,0.0,False
2026-08-09T19:08:27,fire,0.8721,0,0,183,266,91.5,133.0,183,266,0.0,180.0,False
2026-08-09T19:08:29,fire,0.8239,1,164,253,479,127.0,321.5,252,315,0.0,0.0,False
2026-08-09T19:08:30,fire,0.7083,0,158,257,479,128.5,318.5,257,321,81.4,86.5,False
2026-08-09T19:08:36,fire,0.5494,0,205,118,479,59.0,342.0,118,274,0.0,0.0,False
2026-08-09T19:08:37,fire,0.4950,0,138,94,469,47.0,303.5,94,331,77.7,87.3,False
2026-08-09T19:08:38,fire,0.5376,1,158,105,479,53.0,318.5,104,321,78.0,86.4,False
2026-08-09T19:08:39,fire,0.6851,0,351,102,479,51.0,415.0,102,128,0.0,0.0,False
2026-08-09T19:08:40,fire,0.4647,0,349,109,479,54.5,414.0,109,130,78.2,82.2,False
2026-08-09T19:08:40,fire,0.4258,1,0,109,327,55.0,163.5,108,327,78.1,104.5,False
2026-08-09T19:08:41,fire,0.4512,1,0,108,324,54.5,162.0,107,324,78.0,93.6,False
2026-08-09T19:08:41,fire,0.5563,0,0,111,323,55.5,161.5,111,323,78.1,93.6,False
2026-08-09T19:08:42,fire,0.4606,1,0,109,328,55.0,164.0,108,328,78.1,93.3,False
2026-08-09T19:08:43,fire,0.5927,1,0,108,329,54.5,164.5,107,329,78.0,93.4,False
2026-08-09T19:08:51,fire,0.9120,251,226,391,442,321.0,334.0,140,216,90.0,0.0,False
2026-08-09T19:08:51,fire,0.8945,234,30,377,252,305.5,141.0,143,222,90.0,103.1,False
2026-08-09T19:08:52,fire,0.8994,237,30,376,250,306.5,140.0,139,220,90.0,94.5,False
2026-08-09T19:08:52,fire,0.8935,245,35,391,261,318.0,148.0,146,226,90.0,93.8,False
2026-08-09T19:08:53,fire,0.9046,432,209,560,373,496.0,291.0,128,164,98.5,87.2,False
2026-08-09T19:08:54,fire,0.8992,429,216,553,377,491.0,296.5,124,161,97.7,87.4,False
2026-08-09T19:08:54,fire,0.8892,422,221,550,381,486.0,301.0,128,160,97.2,87.1,False
2026-08-09T19:08:55,fire,0.9012,417,223,548,382,482.5,302.5,131,159,97.2,87.1,False
2026-08-09T19:08:55,fire,0.8862,416,226,546,384,481.0,305.0,130,158,97.2,87.0,False
2026-08-09T19:08:56,fire,0.8920,415,232,540,390,477.5,311.0,125,158,96.9,86.5,False
2026-08-09T19:09:00,fire,0.7547,343,397,462,479,402.5,438.0,119,82,180.0,0.0,False
2026-08-09T19:09:01,fire,0.8673,304,357,420,479,362.0,418.0,116,122,90.1,82.9,False
2026-08-09T19:09:02,fire,0.8473,536,293,639,479,587.5,386.0,103,186,180.0,0.0,False
2026-08-09T19:09:02,fire,0.7356,571,299,639,479,605.0,389.0,68,180,103.6,83.2,False
2026-08-09T19:09:08,fire,0.8061,230,369,339,479,284.5,424.0,109,110,0.0,0.0,False
2026-08-09T19:09:10,fire,0.8876,408,351,538,479,473.0,415.0,130,128,180.0,0.0,False
2026-08-09T19:09:11,fire,0.8989,408,352,538,479,473.0,415.5,130,127,96.9,82.1,False
2026-08-09T19:09:11,fire,0.4909,258,383,460,479,359.0,431.0,202,96,86.6,80.7,False
2026-08-09T19:09:42,fire,0.8844,254,344,378,479,316.0,411.5,124,135,90.0,0.0,False
2026-08-09T19:09:43,fire,0.8860,255,340,379,479,317.0,409.5,124,139,90.0,82.5,False
2026-08-09T19:09:46,fire,0.5715,399,296,635,479,517.0,387.5,236,183,180.0,0.0,False
2026-08-09T19:12:51,fire,0.8304,547,331,639,479,593.0,405.0,92,148,0.0,180.0,False
2026-08-09T19:12:52,fire,0.8749,535,358,639,479,587.0,418.5,104,121,78.3,98.6,False
2026-08-09T19:12:52,fire,0.8745,536,360,639,479,587.5,419.5,103,119,77.9,98.1,False
2026-08-09T19:12:53,fire,0.8746,536,360,639,479,587.5,419.5,103,119,78.0,98.1,False
2026-08-09T19:12:54,fire,0.8719,537,361,639,479,588.0,420.0,102,118,77.9,98.1,False
2026-08-09T19:12:54,fire,0.8457,536,363,639,479,587.5,421.0,103,116,78.0,98.2,False
2026-08-09T19:12:55,fire,0.8456,537,363,639,479,588.0,421.0,102,116,77.9,98.1,False
2026-08-09T19:12:55,fire,0.6668,545,290,639,479,592.0,384.5,94,189,77.6,94.9,False
2026-08-09T19:12:56,fire,0.8469,545,291,639,479,592.0,385.0,94,188,77.8,96.5,False
2026-08-09T19:12:57,fire,0.8480,537,291,639,479,588.0,385.0,102,188,78.1,96.5,False
2026-08-09T19:12:57,fire,0.8595,538,290,639,479,588.5,384.5,101,189,77.9,96.5,False
2026-08-09T19:12:58,fire,0.8543,537,290,639,479,588.0,384.5,102,189,78.0,96.5,False
2026-08-09T19:12:58,fire,0.8520,537,291,639,479,588.0,385.0,102,188,77.9,96.5,False
2026-08-09T19:12:59,fire,0.8566,537,291,639,479,588.0,385.0,102,188,77.9,96.5,False
2026-08-09T19:13:00,fire,0.8548,538,291,639,479,588.5,385.0,101,188,77.9,96.5,False
2026-08-09T19:13:00,fire,0.8719,542,291,639,479,590.5,385.0,97,188,77.7,96.5,False
2026-08-09T19:13:01,fire,0.8977,522,315,639,479,580.5,397.0,117,164,78.7,97.6,False
2026-08-09T19:13:01,fire,0.8498,542,296,639,479,590.5,387.5,97,183,77.4,96.2,False
2026-08-09T19:13:12,fire,0.7487,287,278,532,479,409.5,378.5,245,201,180.0,180.0,False
2026-08-09T19:13:13,fire,0.7298,213,255,458,479,335.5,367.0,245,224,180.0,180.0,False
2026-08-09T19:13:14,fire,0.8043,260,248,494,479,377.0,363.5,234,231,94.4,95.4,False
2026-08-09T19:13:15,fire,0.7821,259,251,487,479,373.0,365.0,228,228,92.2,95.7,False
2026-08-09T19:13:15,fire,0.7780,261,248,480,479,370.5,363.5,219,231,92.2,95.5,False
2026-08-09T19:14:12,fire,0.6154,418,407,570,479,494.0,443.0,152,72,0.0,180.0,False
2026-08-09T19:14:14,fire,0.4776,416,412,563,479,489.5,445.5,147,67,0.0,180.0,False
2026-08-09T19:14:15,fire,0.5873,416,416,555,479,485.5,447.5,139,63,82.6,99.3,False
2026-08-09T19:14:15,fire,0.4738,419,411,567,479,493.0,445.0,148,68,81.9,99.1,False
2026-08-09T19:14:16,fire,0.4132,423,409,568,479,495.5,444.0,145,70,82.1,99.2,False
2026-08-09T19:14:16,fire,0.5523,424,408,572,479,498.0,443.5,148,71,82.0,99.2,False
2026-08-09T19:14:16,fire,0.6136,425,407,574,479,499.5,443.0,149,72,81.9,99.1,False
2026-08-09T19:14:17,fire,0.5175,424,406,575,479,499.5,442.5,151,73,81.9,99.1,False
2026-08-09T19:14:18,fire,0.5742,426,408,572,479,499.0,443.5,146,71,82.0,99.2,False
2026-08-09T19:14:18,fire,0.5658,426,410,571,479,498.5,444.5,145,69,82.0,99.2,False
2026-08-09T19:14:19,fire,0.8017,56,345,253,479,154.5,412.0,197,134,180.0,180.0,False
2026-08-09T19:14:20,fire,0.8232,24,384,228,479,126.0,431.5,204,95,100.0,99.5,False
2026-08-09T19:15:11,fire,0.8288,162,331,301,479,231.5,405.0,139,148,0.0,0.0,False
2026-08-09T19:15:12,fire,0.8277,159,338,288,479,223.5,408.5,129,141,85.6,82.4,False
2026-08-09T19:15:13,fire,0.8384,159,336,288,479,223.5,407.5,129,143,85.7,82.5,False
2026-08-09T19:15:13,fire,0.8558,147,332,286,479,216.5,405.5,139,147,85.0,82.6,False
2026-08-09T19:15:14,fire,0.8622,128,329,276,479,202.0,404.0,148,150,84.1,82.7,False
2026-08-09T19:15:14,fire,0.8992,0,292,117,479,58.5,385.5,117,187,71.8,84.3,False
2026-08-09T19:15:15,fire,0.8969,0,290,115,479,57.5,384.5,115,189,78.1,83.5,False
2026-08-09T19:15:16,fire,0.8863,0,290,110,479,55.0,384.5,110,189,78.0,83.5,False
2026-08-09T19:15:16,fire,0.8866,0,290,108,479,54.0,384.5,108,189,78.0,83.5,False
2026-08-09T19:15:17,fire,0.8902,0,291,108,479,54.0,385.0,108,188,78.0,83.5,False
2026-08-09T19:15:18,fire,0.7839,38,295,235,479,136.5,387.0,197,184,0.0,0.0,False
2026-08-09T19:15:19,fire,0.7997,32,357,205,479,118.5,418.0,173,122,80.1,80.6,False
2026-08-09T19:15:19,fire,0.8259,41,357,215,479,128.0,418.0,174,122,81.8,82.0,False
2026-08-09T19:15:20,fire,0.8771,338,344,527,479,432.5,411.5,189,135,108.7,82.6,False
2026-08-09T19:15:20,fire,0.8760,338,345,526,479,432.0,412.0,188,134,95.0,82.2,False
2026-08-09T19:15:21,fire,0.8724,341,346,524,479,432.5,412.5,183,133,95.1,82.2,False
2026-08-09T19:15:22,fire,0.5745,345,349,526,479,435.5,414.0,181,130,95.2,82.2,False
2026-08-09T19:15:24,fire,0.8601,78,379,227,479,152.5,429.0,149,100,0.0,0.0,False
2026-08-09T19:25:07,fire,0.4256,393,404,484,479,438.5,441.5,91,75,180.0,0.0,False
2026-08-09T19:25:08,fire,0.6792,381,405,458,479,419.5,442.0,77,74,93.6,80.9,False
2026-08-09T19:25:10,fire,0.7389,415,410,499,479,457.0,444.5,84,69,180.0,0.0,False
2026-08-09T19:25:11,fire,0.4922,420,410,500,479,460.0,444.5,80,69,180.0,0.0,False
2026-08-09T19:25:20,fire,0.7844,429,396,570,479,499.5,437.5,141,83,180.0,0.0,False
2026-08-09T19:25:21,fire,0.7225,436,389,576,479,506.0,434.0,140,90,98.7,81.4,False
2026-08-09T19:25:22,fire,0.8300,532,372,639,479,585.5,425.5,107,107,105.5,82.0,False
2026-08-09T19:25:23,fire,0.8146,528,370,639,479,583.5,424.5,111,109,101.9,81.7,False
2026-08-09T19:25:23,fire,0.5437,478,390,636,479,557.0,434.5,158,89,99.5,80.8,False
2026-08-09T19:25:23,fire,0.8129,486,390,636,479,561.0,434.5,150,89,101.0,81.2,False
2026-08-09T19:25:24,fire,0.8276,486,389,636,479,561.0,434.0,150,90,100.8,81.3,False
2026-08-09T19:25:24,fire,0.8281,487,390,635,479,561.0,434.5,148,89,100.8,81.2,False
2026-08-09T19:25:25,fire,0.8084,487,390,636,479,561.5,434.5,149,89,100.9,81.2,False
2026-08-09T19:25:26,fire,0.8618,496,378,639,479,567.5,428.5,143,101,101.2,81.5,False
2026-08-09T19:25:30,fire,0.6453,568,438,639,479,603.5,458.5,71,41,180.0,0.0,False
2026-08-09T19:25:31,fire,0.7201,568,436,639,479,603.5,457.5,71,43,102.8,80.2,False
2026-08-09T19:26:57,fire,0.7272,288,244,513,479,400.5,361.5,225,235,180.0,45.0,False
2026-08-09T19:26:57,fire,0.5610,357,354,511,479,434.0,416.5,154,125,96.6,79.6,False
2026-08-09T19:27:37,fire,0.7163,271,396,457,479,364.0,437.5,186,83,180.0,45.0,False
2026-08-09T19:27:37,fire,0.8372,247,338,449,479,348.0,408.5,202,141,90.6,83.7,False
2026-08-09T19:27:38,fire,0.8276,165,224,404,479,284.5,351.5,239,255,85.6,87.5,False
2026-08-09T19:27:39,fire,0.8489,149,321,340,479,244.5,400.0,191,158,84.8,80.6,False
2026-08-09T19:27:40,fire,0.8524,157,312,350,479,253.5,395.5,193,167,87.4,83.2,False
2026-08-09T19:27:51,fire,0.8852,5,312,185,479,95.0,395.5,180,167,0.0,45.0,False
2026-08-09T19:27:51,fire,0.9171,1,312,187,479,94.0,395.5,186,167,79.8,83.0,False
2026-08-09T19:27:52,fire,0.8989,5,328,189,479,97.0,403.5,184,151,80.1,82.3,False
2026-08-09T19:27:53,fire,0.8605,6,292,197,479,101.5,385.5,191,187,80.4,84.3,False
2026-08-09T19:27:53,fire,0.8979,2,291,191,479,96.5,385.0,189,188,79.7,83.5,False
2026-08-09T19:27:54,fire,0.9085,2,292,193,479,97.5,385.5,191,187,80.0,83.4,False
2026-08-09T19:27:55,fire,0.8898,3,284,195,479,99.0,381.5,192,195,80.1,83.6,False
2026-08-09T19:27:55,fire,0.8911,2,283,196,479,99.0,381.0,194,196,80.1,83.7,False
2026-08-09T19:27:56,fire,0.8847,3,282,196,479,99.5,380.5,193,197,80.1,83.7,False
2026-08-09T19:27:57,fire,0.8911,1,283,195,479,98.0,381.0,194,196,80.0,83.7,False
2026-08-09T19:27:57,fire,0.8864,3,280,195,479,99.0,379.5,192,199,80.1,83.8,False
2026-08-09T19:27:58,fire,0.8972,3,284,195,479,99.0,381.5,192,195,80.1,83.6,False
2026-08-09T19:27:58,fire,0.7713,8,285,260,479,134.0,382.0,252,194,83.2,83.6,False
2026-08-09T19:28:00,fire,0.7297,9,286,225,479,117.0,382.5,216,193,0.0,45.0,False
2026-08-09T19:28:01,fire,0.8603,4,284,196,479,100.0,381.5,192,195,79.3,83.7,False
2026-08-09T19:28:01,fire,0.8837,4,285,197,479,100.5,382.0,193,194,80.1,83.6,False
2026-08-09T19:28:02,fire,0.8784,1,286,196,479,98.5,382.5,195,193,79.9,83.6,False
2026-08-09T19:28:03,fire,0.8862,6,288,198,479,102.0,383.5,192,191,80.3,83.5,False
2026-08-09T19:28:03,fire,0.8971,0,241,201,479,100.5,360.0,201,238,80.1,85.6,False
2026-08-09T19:28:04,fire,0.9046,0,237,201,479,100.5,358.0,201,242,80.1,84.8,False
2026-08-09T19:28:04,fire,0.9008,0,242,200,479,100.0,360.5,200,237,80.1,84.5,False
2026-08-09T19:28:05,fire,0.9081,0,245,200,479,100.0,362.0,200,234,80.1,84.4,False
2026-08-09T19:28:06,fire,0.9037,1,244,200,479,100.5,361.5,199,235,80.1,84.6,False
2026-08-09T19:28:06,fire,0.8798,2,243,201,479,101.5,361.0,199,236,80.2,84.6,False
2026-08-09T19:28:07,fire,0.8934,1,244,201,479,101.0,361.5,200,235,80.1,84.5,False
2026-08-09T19:28:07,fire,0.8829,2,245,201,479,101.5,362.0,199,234,80.2,84.5,False
2026-08-09T19:28:08,fire,0.8581,6,255,200,479,103.0,367.0,194,224,80.3,84.1,False
2026-08-09T19:28:09,fire,0.8885,5,256,201,479,103.0,367.5,196,223,80.2,84.3,False
2026-08-09T19:28:10,fire,0.9057,4,260,200,479,102.0,369.5,196,219,80.2,84.2,False
2026-08-09T19:28:10,fire,0.8963,4,258,201,479,102.5,368.5,197,221,80.2,84.2,False
2026-08-09T19:28:10,fire,0.8882,5,257,200,479,102.5,368.0,195,222,80.2,84.3,False
2026-08-09T19:28:11,fire,0.8995,4,259,200,479,102.0,369.0,196,220,80.2,84.2,False
2026-08-09T19:28:12,fire,0.6325,9,158,203,466,106.0,312.0,194,308,80.5,89.3,False
2026-08-09T19:46:20,fire,0.5135,376,0,638,228,507.0,114.0,262,228,180.0,135.0,False
2026-08-09T19:46:21,fire,0.8490,257,8,427,263,342.0,135.5,170,255,90.4,94.6,False
2026-08-09T19:46:21,fire,0.8639,258,12,419,245,338.5,128.5,161,233,90.8,95.0,False
2026-08-09T19:46:22,fire,0.8428,260,13,417,248,338.5,130.5,157,235,90.8,94.8,False
2026-08-09T19:46:22,fire,0.8450,244,0,421,200,332.5,100.0,177,200,89.3,97.5,False
2026-08-09T19:46:23,fire,0.8351,232,0,411,218,321.5,109.0,179,218,90.0,135.0,False
2026-08-09T19:46:24,fire,0.8533,235,0,410,203,322.5,101.5,175,203,90.0,96.6,False
2026-08-09T19:46:26,fire,0.6962,259,164,410,380,334.5,272.0,151,216,90.0,45.0,False
2026-08-09T19:46:26,fire,0.8469,251,158,409,384,330.0,271.0,158,226,90.0,88.6,False
2026-08-09T19:46:27,fire,0.8182,239,0,413,130,326.0,65.0,174,130,90.0,106.9,False
2026-08-09T19:46:28,fire,0.8282,256,0,413,134,334.5,67.0,157,134,90.0,97.7,False
2026-08-09T19:46:28,fire,0.8346,250,0,413,132,331.5,66.0,163,132,90.0,97.9,False
2026-08-09T19:46:29,fire,0.8169,229,0,414,140,321.5,70.0,185,140,90.0,97.5,False
2026-08-09T19:46:29,fire,0.8149,265,374,409,479,337.0,426.5,144,105,91.5,65.7,False
2026-08-09T19:46:30,fire,0.8499,264,375,411,479,337.5,427.0,147,104,90.8,81.6,False
2026-08-09T19:46:31,fire,0.7998,264,371,410,479,337.0,425.0,146,108,90.7,81.8,False
2026-08-09T19:46:31,fire,0.8202,263,368,409,479,336.0,423.5,146,111,90.7,81.8,False
2026-08-09T19:46:34,fire,0.5134,266,389,410,479,338.0,434.0,144,90,175.0,45.0,False
2026-08-09T19:46:37,fire,0.4597,0,66,28,114,14.0,90.0,28,48,0.0,135.0,False
2026-08-09T19:46:38,fire,0.4560,0,152,43,228,21.5,190.0,43,76,0.0,135.0,False
2026-08-09T19:46:53,fire,0.8440,328,4,549,282,438.5,143.0,221,278,180.0,135.0,False
2026-08-09T19:46:55,fire,0.7190,0,248,140,479,70.0,363.5,140,231,0.0,45.0,False
2026-08-09T19:46:56,fire,0.8601,0,0,119,153,59.5,76.5,119,153,77.8,110.2,False
2026-08-09T19:46:56,fire,0.8550,0,0,119,148,59.5,74.0,119,148,78.3,97.6,False
2026-08-09T19:46:57,fire,0.8285,0,0,123,164,61.5,82.0,123,164,78.5,96.8,False
2026-08-09T19:46:57,fire,0.8911,0,0,122,166,61.0,83.0,122,166,78.3,97.0,False
2026-08-09T19:46:58,fire,0.8814,0,0,122,170,61.0,85.0,122,170,78.3,96.9,False
2026-08-09T19:46:59,fire,0.8395,0,84,145,379,72.5,231.5,145,295,0.0,90.0,False
2026-08-09T19:47:00,fire,0.6186,0,0,136,313,68.0,156.5,136,313,0.0,135.0,False
2026-08-09T19:47:01,fire,0.7863,1,0,146,297,73.5,148.5,145,297,79.2,94.5,False
2026-08-09T19:47:02,fire,0.7967,1,0,145,296,73.0,148.0,144,296,78.9,94.2,False
2026-08-09T19:47:02,fire,0.7429,0,0,207,296,103.5,148.0,207,296,81.6,94.1,False
2026-08-09T19:47:06,fire,0.7358,1,44,176,291,88.5,167.5,175,247,0.0,135.0,False
2026-08-09T19:47:06,fire,0.8225,0,41,148,312,74.0,176.5,148,271,78.3,92.5,False
2026-08-09T19:47:07,fire,0.8373,0,44,148,315,74.0,179.5,148,271,78.9,92.6,False
2026-08-09T19:47:08,fire,0.8437,0,56,139,339,69.5,197.5,139,283,78.5,91.1,False
2026-08-09T19:47:08,fire,0.8476,0,54,138,342,69.0,198.0,138,288,78.7,91.9,False
2026-08-09T19:47:09,fire,0.8732,0,71,130,353,65.0,212.0,130,282,78.3,90.6,False
2026-08-09T19:47:09,fire,0.8692,0,67,135,343,67.5,205.0,135,276,78.7,91.9,False
2026-08-09T19:47:11,fire,0.8741,0,200,131,479,65.5,339.5,131,279,0.0,45.0,False
2026-08-09T19:47:12,fire,0.7618,309,230,438,439,373.5,334.5,129,209,180.0,45.0,False
2026-08-09T19:47:14,fire,0.5728,298,61,436,276,367.0,168.5,138,215,180.0,135.0,False
2026-08-09T20:00:35,fire,0.7527,295,268,488,479,391.5,373.5,193,211,0.0,135.0,False
2026-08-09T20:00:36,fire,0.5620,196,366,464,479,330.0,422.5,268,113,92.1,99.7,False
2026-08-09T20:00:37,fire,0.8410,293,383,478,479,385.5,431.0,185,96,86.9,98.6,False
2026-08-09T20:00:38,fire,0.8117,294,390,474,479,384.0,434.5,180,89,87.2,98.9,False
2026-08-09T20:00:38,fire,0.8158,300,383,463,479,381.5,431.0,163,96,87.3,98.4,False
2026-08-09T20:00:40,fire,0.8271,305,383,450,479,377.5,431.0,145,96,87.4,98.6,False
2026-08-09T20:00:40,fire,0.8240,305,383,447,479,376.0,431.0,142,96,87.5,98.6,False
2026-08-09T20:00:40,fire,0.7958,315,382,462,479,388.5,430.5,147,97,86.4,98.6,False
2026-08-09T20:00:42,fire,0.8034,320,378,454,479,387.0,428.5,134,101,87.0,98.5,False
2026-08-09T20:00:42,fire,0.8520,318,378,452,479,385.0,428.5,134,101,87.1,98.5,False
2026-08-09T20:00:43,fire,0.7903,315,376,491,479,403.0,427.5,176,103,86.2,98.4,False
2026-08-09T20:00:44,fire,0.4542,443,409,572,479,507.5,444.0,129,70,0.0,135.0,False
2026-08-09T20:00:45,fire,0.8053,501,265,639,478,570.0,371.5,138,213,76.0,92.7,False
2026-08-09T20:01:01,fire,0.4610,149,355,300,479,224.5,417.0,151,124,180.0,135.0,False
2026-08-09T20:01:02,fire,0.7504,322,373,478,479,400.0,426.0,156,106,80.3,98.7,False
2026-08-09T20:01:04,fire,0.4653,319,426,460,479,389.5,452.5,141,53,24.8,135.0,False
2026-08-09T20:01:04,fire,0.7351,542,187,639,417,590.5,302.0,97,230,68.8,86.0,False
2026-08-09T20:01:05,fire,0.7512,542,187,639,421,590.5,304.0,97,234,77.8,93.0,False
2026-08-09T20:01:06,fire,0.8185,467,204,638,429,552.5,316.5,171,225,81.2,94.0,False
2026-08-09T20:01:07,fire,0.8665,394,215,588,441,491.0,328.0,194,226,84.4,94.4,False
2026-08-09T20:01:07,fire,0.8843,395,220,585,440,490.0,330.0,190,220,82.4,94.1,False
2026-08-09T20:01:08,fire,0.7412,295,270,616,479,455.5,374.5,321,209,85.2,97.7,False
2026-08-09T20:01:09,fire,0.8047,285,298,507,479,396.0,388.5,222,181,89.0,97.2,False
2026-08-09T20:01:10,fire,0.8381,295,290,504,479,399.5,384.5,209,189,86.3,96.3,False
2026-08-09T20:01:10,fire,0.7839,301,276,545,479,423.0,377.5,244,203,84.3,95.9,False
2026-08-09T20:01:11,fire,0.6761,225,262,487,479,356.0,370.5,262,217,90.8,95.6,False
2026-08-09T20:01:17,fire,0.5529,0,187,135,456,67.5,321.5,135,269,180.0,135.0,False
2026-08-09T20:01:17,fire,0.8398,0,222,103,479,51.5,350.5,103,257,102.8,96.3,False
2026-08-09T20:02:01,fire,0.8427,162,238,330,479,246.0,358.5,168,241,0.0,45.0,False
2026-08-09T20:02:01,fire,0.6102,57,344,264,479,160.5,411.5,207,135,79.0,79.9,False
2026-08-09T20:02:02,fire,0.8649,99,333,257,479,178.0,406.0,158,146,84.4,82.8,False
2026-08-09T20:02:02,fire,0.8375,108,334,261,479,184.5,406.5,153,145,84.2,82.5,False
2026-08-09T20:02:03,fire,0.8661,114,330,266,479,190.0,404.5,152,149,84.4,82.7,False
2026-08-09T20:02:04,fire,0.8641,112,331,263,479,187.5,405.0,151,148,84.0,82.6,False
2026-08-09T20:02:05,fire,0.8637,112,333,261,479,186.5,406.0,149,146,84.0,82.5,False
2026-08-09T20:02:05,fire,0.8668,111,334,261,479,186.0,406.5,150,145,83.9,82.5,False
2026-08-09T20:02:06,fire,0.7916,70,333,256,479,163.0,406.0,186,146,81.9,82.6,False
2026-08-09T20:02:08,fire,0.4345,0,348,64,479,32.0,413.5,64,131,0.0,45.0,False
2026-08-09T20:02:08,fire,0.4462,0,353,59,479,29.5,416.0,59,126,76.8,82.0,False
2026-08-09T20:02:09,fire,0.5564,0,309,63,479,31.5,394.0,63,170,77.1,83.7,False
2026-08-09T20:02:10,fire,0.4132,0,288,68,479,34.0,383.5,68,191,77.2,84.0,False
2026-08-09T20:02:11,fire,0.5520,0,312,70,479,35.0,395.5,70,167,77.2,82.5,False
2026-08-09T20:02:18,fire,0.6625,102,338,255,479,178.5,408.5,153,141,0.0,45.0,False
2026-08-09T20:02:19,fire,0.7277,108,426,204,479,156.0,452.5,96,53,0.0,45.0,False
2026-08-09T20:02:20,fire,0.7485,125,437,220,479,172.5,458.0,95,42,83.9,80.0,False
2026-08-09T20:02:27,fire,0.5411,213,417,400,479,306.5,448.0,187,62,90.0,45.0,False
2026-08-09T20:02:29,fire,0.8562,373,382,577,479,475.0,430.5,204,97,180.0,45.0,False
2026-08-09T20:02:30,fire,0.8339,7,351,197,479,102.0,415.0,190,128,70.0,82.6,False
2026-08-09T20:02:31,fire,0.5873,0,293,93,479,46.5,386.0,93,186,75.2,84.7,False
2026-08-09T20:02:31,fire,0.7546,0,320,77,479,38.5,399.5,77,159,77.0,82.2,False
2026-08-09T20:02:32,fire,0.7353,0,319,76,479,38.0,399.0,76,160,77.3,82.9,False
2026-08-09T20:02:33,fire,0.6958,0,321,73,479,36.5,400.0,73,158,77.2,82.8,False
2026-08-09T20:02:34,fire,0.5099,0,320,73,479,36.5,399.5,73,159,77.2,82.8,False
2026-08-09T20:02:36,fire,0.6264,262,387,444,479,353.0,433.0,182,92,180.0,45.0,False
2026-08-09T20:07:11,fire,0.7992,316,411,445,479,380.5,445.0,129,68,180.0,45.0,False
2026-08-09T20:07:11,fire,0.8503,308,412,427,479,367.5,445.5,119,67,91.6,80.7,False
2026-08-09T20:07:13,fire,0.7713,312,425,395,479,353.5,452.0,83,54,91.5,80.4,False
2026-08-09T20:07:13,fire,0.7824,306,425,423,479,364.5,452.0,117,54,92.4,80.5,False
2026-08-09T20:07:14,fire,0.7781,306,427,422,479,364.0,453.0,116,52,92.0,80.4,False
2026-08-09T20:07:15,fire,0.7845,306,427,422,479,364.0,453.0,116,52,92.0,80.4,False
2026-08-09T20:07:15,fire,0.7747,306,427,422,479,364.0,453.0,116,52,92.0,80.4,False
2026-08-09T20:07:16,fire,0.7596,305,426,421,479,363.0,452.5,116,53,91.9,80.5,False
2026-08-09T20:07:17,fire,0.7325,306,426,422,479,364.0,452.5,116,53,92.0,80.4,False
2026-08-09T20:07:18,fire,0.7467,305,430,408,479,356.5,454.5,103,49,91.6,80.3,False
2026-08-09T20:07:18,fire,0.7405,305,430,394,479,349.5,454.5,89,49,91.0,80.3,False
2026-08-09T20:07:19,fire,0.6766,78,381,234,479,156.0,430.0,156,98,77.5,82.1,False
2026-08-09T20:07:20,fire,0.8698,0,376,137,479,68.5,427.5,137,103,78.4,81.6,False
2026-08-09T20:07:20,fire,0.8695,0,345,91,479,45.5,412.0,91,134,77.1,82.6,False
2026-08-09T20:18:42,fire,0.7433,161,345,314,479,237.5,412.0,153,134,180.0,180.0,False
2026-08-09T20:18:43,fire,0.6836,155,386,299,479,227.0,432.5,144,93,94.6,99.5,False
2026-08-09T20:18:43,fire,0.8356,154,371,302,479,228.0,425.0,148,108,94.1,98.1,False
2026-08-09T20:18:44,fire,0.8060,154,370,302,479,228.0,424.5,148,109,94.1,98.3,False
2026-08-09T20:18:45,fire,0.7942,153,373,302,479,227.5,426.0,149,106,94.2,98.4,False
2026-08-09T20:18:46,fire,0.7489,152,376,300,479,226.0,427.5,148,103,94.2,98.4,False
2026-08-09T20:18:46,fire,0.7344,154,378,300,479,227.0,428.5,146,101,94.2,98.5,False
2026-08-09T20:18:46,fire,0.7163,154,378,301,479,227.5,428.5,147,101,94.1,98.5,False
2026-08-09T20:18:48,fire,0.7823,153,377,299,479,226.0,428.0,146,102,94.2,98.5,False
2026-08-09T20:18:48,fire,0.7682,152,378,298,479,225.0,428.5,146,101,94.3,98.5,False
2026-08-09T20:18:48,fire,0.5563,22,382,299,479,160.5,430.5,277,97,100.1,98.7,False
2026-08-09T20:19:24,fire,0.6273,155,153,425,479,290.0,316.0,270,326,180.0,180.0,False
2026-08-09T20:19:25,fire,0.5833,134,153,405,479,269.5,316.0,271,326,92.3,93.4,False
2026-08-09T20:19:26,fire,0.6647,127,153,399,479,263.0,316.0,272,326,92.9,93.4,False
2026-08-09T20:19:26,fire,0.6573,127,153,395,479,261.0,316.0,268,326,92.7,93.4,False
2026-08-09T20:20:46,fire,0.6160,144,146,638,479,391.0,312.5,494,333,180.0,0.0,False
2026-08-09T20:20:49,fire,0.8644,443,240,637,471,540.0,355.5,194,231,180.0,0.0,False
2026-08-09T20:20:50,fire,0.8005,389,260,615,478,502.0,369.0,226,218,98.1,84.1,False
2026-08-09T20:20:50,fire,0.8777,439,240,638,478,538.5,359.0,199,238,100.0,84.7,False
2026-08-09T20:20:51,fire,0.8908,390,274,594,479,492.0,376.5,204,205,97.6,83.8,False
2026-08-09T20:20:51,fire,0.8640,390,309,583,479,486.5,394.0,193,170,97.3,82.4,False
2026-08-09T20:20:52,fire,0.8021,377,312,574,479,475.5,395.5,197,167,96.5,82.9,False
2026-08-09T20:20:52,fire,0.7897,375,313,574,479,474.5,396.0,199,166,96.9,83.0,False
2026-08-09T20:20:53,fire,0.8715,259,209,488,460,373.5,334.5,229,251,87.9,88.5,False
2026-08-09T20:20:54,fire,0.7959,260,280,542,479,401.0,379.5,282,199,94.9,81.7,False
2026-08-09T20:20:54,fire,0.8225,269,280,534,479,401.5,379.5,265,199,93.7,83.7,False
2026-08-09T20:20:55,fire,0.8066,263,279,544,479,403.5,379.0,281,200,93.8,83.8,False
2026-08-09T20:20:55,fire,0.5793,195,212,464,479,329.5,345.5,269,267,86.3,86.7,False
2026-08-09T20:21:02,fire,0.8223,1,233,212,479,106.5,356.0,211,246,0.0,0.0,False
2026-08-09T20:21:02,fire,0.8759,0,220,201,479,100.5,349.5,201,259,79.9,85.4,False
2026-08-09T20:21:03,fire,0.9028,0,228,198,479,99.0,353.5,198,251,80.1,84.9,False
2026-08-09T20:21:03,fire,0.8960,0,233,199,479,99.5,356.0,199,246,80.1,84.7,False
2026-08-09T20:21:04,fire,0.9082,0,239,196,479,98.0,359.0,196,240,79.9,84.5,False
2026-08-09T20:21:05,fire,0.8066,0,231,205,479,102.5,355.0,205,248,80.2,84.8,False
2026-08-09T20:21:05,fire,0.7101,348,262,549,479,448.5,370.5,201,217,110.2,83.5,False
2026-08-09T20:21:06,fire,0.8652,346,275,543,479,444.5,377.0,197,204,95.4,83.5,False
2026-08-09T20:21:07,fire,0.6686,180,283,358,479,269.0,381.0,178,196,0.0,0.0,False
2026-08-09T20:21:07,fire,0.8094,185,281,327,479,256.0,380.0,142,198,86.5,83.7,False
2026-08-09T20:21:08,fire,0.6959,182,283,338,479,260.0,381.0,156,196,87.5,83.6,False
2026-08-09T20:21:09,fire,0.7894,333,282,484,479,408.5,380.5,151,197,100.6,83.7,False
2026-08-09T20:21:09,fire,0.8718,376,284,520,479,448.0,381.5,144,195,97.5,83.6,False
2026-08-09T20:21:10,fire,0.8616,369,286,516,479,442.5,382.5,147,193,95.3,83.5,False
2026-08-09T20:21:11,fire,0.8620,363,286,510,479,436.5,382.5,147,193,95.0,83.6,False
2026-08-09T20:21:12,fire,0.8641,364,287,511,479,437.5,383.0,147,192,95.3,83.6,False
2026-08-09T20:21:16,fire,0.8262,244,334,351,479,297.5,406.5,107,145,0.0,0.0,False
2026-08-09T20:21:16,fire,0.8493,243,337,353,479,298.0,408.0,110,142,89.0,82.4,False
2026-08-09T20:21:17,fire,0.8165,248,341,353,479,300.5,410.0,105,138,89.1,82.3,False
2026-08-09T20:21:20,fire,0.7874,321,376,422,479,371.5,427.5,101,103,180.0,0.0,False
2026-08-09T20:21:21,fire,0.7334,325,378,424,479,374.5,428.5,99,101,92.5,81.5,False
2026-08-09T20:21:24,fire,0.7060,247,371,346,479,296.5,425.0,99,108,0.0,0.0,False
2026-08-09T20:21:24,fire,0.8138,248,371,346,479,297.0,425.0,98,108,89.0,81.7,False
2026-08-09T20:21:25,fire,0.8338,249,371,347,479,298.0,425.0,98,108,89.1,81.7,False
2026-08-09T20:21:26,fire,0.7122,249,375,346,479,297.5,427.0,97,104,89.0,81.5,False
2026-08-09T20:21:27,fire,0.7306,249,372,347,479,298.0,425.5,98,107,89.0,81.7,False
2026-08-09T20:21:28,fire,0.7857,254,375,344,479,299.0,427.0,90,104,0.0,0.0,False
2026-08-09T20:21:29,fire,0.7889,256,374,350,478,303.0,426.0,94,104,89.4,81.7,False
2026-08-09T20:21:30,fire,0.8515,259,371,351,479,305.0,425.0,92,108,90.8,81.7,False
2026-08-09T20:21:31,fire,0.8424,209,140,289,265,249.0,202.5,80,125,83.9,100.6,False
2026-08-09T20:21:46,fire,0.7642,562,0,639,68,600.5,34.0,77,68,180.0,180.0,False
2026-08-09T20:21:46,fire,0.7696,566,0,639,36,602.5,18.0,73,36,102.8,100.7,False
2026-08-09T20:21:47,fire,0.6146,544,0,639,42,591.5,21.0,95,42,101.7,99.7,False
2026-08-09T20:21:47,fire,0.7933,516,0,615,66,565.5,33.0,99,66,99.9,98.8,False
2026-08-09T20:21:48,fire,0.7987,525,0,619,60,572.0,30.0,94,60,101.6,99.6,False
2026-08-09T20:21:48,fire,0.7880,525,0,621,64,573.0,32.0,96,64,101.4,99.3,False
2026-08-09T20:21:49,fire,0.7228,149,26,229,161,189.0,93.5,80,135,67.0,93.8,False
2026-08-09T20:21:50,fire,0.8085,149,22,233,143,191.0,82.5,84,121,84.3,97.5,False
2026-08-09T20:21:50,fire,0.8016,147,26,232,145,189.5,85.5,85,119,84.1,96.8,False
2026-08-09T20:21:51,fire,0.8133,149,26,233,145,191.0,85.5,84,119,84.3,97.0,False
2026-08-09T20:21:52,fire,0.5277,151,29,236,165,193.5,97.0,85,136,84.4,95.9,False
2026-08-09T20:21:52,fire,0.8192,157,104,241,221,199.0,162.5,84,117,84.8,90.6,False
2026-08-09T20:21:53,fire,0.7553,156,108,243,221,199.5,164.5,87,113,84.6,93.3,False
2026-08-09T20:21:54,fire,0.6810,167,118,242,250,204.5,184.0,75,132,0.0,180.0,False
2026-08-09T20:21:55,fire,0.7656,163,117,244,241,203.5,179.0,81,124,84.7,93.0,False
2026-08-09T20:21:55,fire,0.4662,163,119,245,234,204.0,176.5,82,115,84.8,93.0,False
2026-08-09T20:25:59,fire,0.6608,50,163,342,479,196.0,321.0,292,316,0.0,0.0,False
2026-08-09T20:25:59,fire,0.8089,75,172,314,479,194.5,325.5,239,307,84.3,86.0,False
2026-08-09T20:25:59,fire,0.8161,82,169,320,479,201.0,324.0,238,310,84.9,86.3,False
2026-08-09T20:26:00,fire,0.8831,109,196,339,479,224.0,337.5,230,283,86.7,85.0,False
2026-08-09T20:26:01,fire,0.8844,109,200,338,479,223.5,339.5,229,279,85.6,85.4,False
2026-08-09T20:26:02,fire,0.8780,110,198,339,479,224.5,338.5,229,281,85.7,85.6,False
2026-08-09T20:26:03,fire,0.6401,195,209,546,479,370.5,344.0,351,270,180.0,0.0,False
2026-08-09T20:26:03,fire,0.8372,307,201,548,479,427.5,340.0,241,278,97.4,85.7,False
2026-08-09T20:26:04,fire,0.8523,310,197,546,479,428.0,338.0,236,282,94.9,85.7,False
2026-08-09T20:26:06,fire,0.6971,334,214,634,479,484.0,346.5,300,265,180.0,0.0,False
2026-08-09T20:26:06,fire,0.8054,354,187,633,479,493.5,333.0,279,292,98.2,86.4,False
2026-08-09T20:26:57,fire,0.8868,182,269,344,479,263.0,374.0,162,210,0.0,0.0,False
2026-08-09T20:26:58,fire,0.6853,22,259,320,479,171.0,369.0,298,220,0.0,0.0,False
2026-08-09T20:26:58,fire,0.8492,524,208,639,477,581.5,342.5,115,269,120.1,86.6,False
2026-08-09T20:26:59,fire,0.8526,524,211,639,477,581.5,344.0,115,266,101.8,85.3,False
2026-08-09T20:27:09,fire,0.8810,512,242,639,471,575.5,356.5,127,229,180.0,0.0,False
2026-08-09T20:27:10,fire,0.8800,513,237,639,473,576.0,355.0,126,236,101.5,84.8,False
2026-08-09T20:31:13,fire,0.7736,286,322,444,479,365.0,400.5,158,157,180.0,0.0,False
2026-08-09T20:31:13,fire,0.8333,283,311,442,478,362.5,394.5,159,167,91.8,83.3,False
2026-08-09T20:31:14,fire,0.7703,285,312,443,478,364.0,395.0,158,166,92.0,83.0,False
2026-08-09T20:31:14,fire,0.7982,285,313,443,478,364.0,395.5,158,165,92.0,83.0,False
2026-08-09T20:31:15,fire,0.8159,283,314,442,478,362.5,396.0,159,164,91.8,83.0,False
2026-08-09T20:31:16,fire,0.6889,412,293,636,479,524.0,386.0,224,186,99.7,83.5,False
2026-08-09T20:31:16,fire,0.4943,572,378,639,479,605.5,428.5,67,101,106.2,79.7,False
2026-08-09T20:31:27,fire,0.6641,576,231,639,423,607.5,327.0,63,192,180.0,0.0,False
2026-08-09T20:31:27,fire,0.7372,489,278,639,479,564.0,378.5,150,201,99.0,81.5,False
2026-08-09T20:32:14,fire,0.5853,476,263,639,479,557.5,371.0,163,216,180.0,0.0,False
2026-08-09T20:32:15,fire,0.8847,456,305,639,479,547.5,392.0,183,174,100.2,83.1,False
2026-08-09T20:32:15,fire,0.8110,493,293,639,479,566.0,386.0,146,186,101.9,83.7,False
2026-08-09T20:32:15,fire,0.5189,30,346,416,479,223.0,412.5,386,133,70.3,81.1,False
2026-08-09T20:32:16,fire,0.7318,5,304,206,479,105.5,391.5,201,175,75.1,84.1,False
2026-08-09T20:32:18,fire,0.9089,446,243,639,479,542.5,361.0,193,236,180.0,0.0,False
2026-08-09T20:32:19,fire,0.8987,441,244,638,479,539.5,361.5,197,235,99.7,84.5,False
2026-08-09T20:32:19,fire,0.8862,434,238,638,479,536.0,358.5,204,241,99.6,84.8,False
2026-08-09T20:32:20,fire,0.8971,435,240,638,479,536.5,359.5,203,239,99.8,84.6,False
2026-08-09T20:32:20,fire,0.9013,435,240,638,479,536.5,359.5,203,239,99.7,84.6,False
2026-08-09T20:32:22,fire,0.8606,42,239,247,479,144.5,359.0,205,240,0.0,0.0,False
2026-08-09T20:32:23,fire,0.7729,66,306,377,479,221.5,392.5,311,173,0.0,0.0,False
2026-08-09T20:32:24,fire,0.7727,194,310,381,479,287.5,394.5,187,169,91.5,83.0,False
2026-08-09T20:32:25,fire,0.8586,197,309,381,479,289.0,394.0,184,170,88.7,83.1,False
2026-08-09T20:32:27,fire,0.5025,180,365,415,479,297.5,422.0,235,114,0.0,0.0,False
2026-08-09T20:32:28,fire,0.8453,208,330,384,479,296.0,404.5,176,149,88.9,82.7,False
2026-08-09T20:32:29,fire,0.8538,208,330,395,479,301.5,404.5,187,149,89.2,82.6,False
2026-08-09T20:32:30,fire,0.4797,0,341,163,479,81.5,410.0,163,138,0.0,0.0,False
2026-08-09T20:32:37,fire,0.6581,0,374,128,479,64.0,426.5,128,105,0.0,0.0,False
2026-08-09T20:32:38,fire,0.8427,0,325,168,479,84.0,402.0,168,154,79.5,82.8,False
2026-08-09T20:32:39,fire,0.7535,60,346,242,479,151.0,412.5,182,133,82.6,82.2,False
2026-08-09T20:32:42,fire,0.7867,304,341,557,479,430.5,410.0,253,138,180.0,0.0,False
2026-08-09T20:32:42,fire,0.8161,317,309,566,479,441.5,394.0,249,170,96.0,83.8,False
2026-08-09T20:32:43,fire,0.7104,237,328,469,479,353.0,403.5,232,151,180.0,0.0,False
2026-08-09T20:32:44,fire,0.7593,256,331,496,479,376.0,405.0,240,148,93.5,82.5,False
2026-08-09T20:32:45,fire,0.7659,256,330,500,479,378.0,404.5,244,149,92.7,82.6,False
2026-08-09T20:32:45,fire,0.7645,256,332,495,479,375.5,405.5,239,147,92.4,82.5,False
2026-08-09T20:32:46,fire,0.7468,257,338,457,479,357.0,408.5,200,141,90.8,82.3,False
2026-08-09T20:32:48,fire,0.4994,208,338,463,479,335.5,408.5,255,141,180.0,0.0,False
2026-08-09T20:32:48,fire,0.7712,241,338,458,479,349.5,408.5,217,141,92.0,82.4,False
2026-08-10T00:03:43,fire,0.6607,401,0,453,94,427.0,47.0,52,94,180.0,180.0,False
2026-08-10T00:13:59,fire,0.4442,454,341,612,479,533.0,410.0,158,138,180.0,0.0,False
2026-08-10T00:13:59,fire,0.8059,451,331,618,479,534.5,405.0,167,148,99.7,82.6,False
2026-08-10T00:14:01,fire,0.4466,439,270,580,465,509.5,367.5,141,195,180.0,0.0,False
2026-08-10T00:14:27,fire,0.7323,236,444,310,479,273.0,461.5,74,35,0.0,0.0,False
2026-08-10T00:14:27,fire,0.6966,248,448,321,479,284.5,463.5,73,31,88.9,79.9,False
2026-08-10T00:14:28,fire,0.6867,249,448,319,479,284.0,463.5,70,31,88.4,79.9,False
2026-08-10T00:14:40,fire,0.8729,0,216,138,477,69.0,346.5,138,261,0.0,0.0,False
2026-08-10T00:14:41,fire,0.8574,0,213,144,477,72.0,345.0,144,264,79.0,85.3,False
2026-08-10T00:14:49,fire,0.4587,0,268,286,479,143.0,373.5,286,211,0.0,0.0,False
2026-08-10T00:16:10,fire,0.8822,455,214,599,444,527.0,329.0,144,230,180.0,180.0,False
2026-08-10T00:16:10,fire,0.8827,447,220,590,452,518.5,336.0,143,232,98.6,94.6,False
2026-08-10T00:16:11,fire,0.8947,446,221,587,452,516.5,336.5,141,231,98.8,94.4,False
2026-08-10T00:16:12,fire,0.8925,444,221,587,452,515.5,336.5,143,231,98.8,94.3,False
2026-08-10T00:16:13,fire,0.8677,416,230,559,462,487.5,346.0,143,232,180.0,180.0,False
2026-08-10T00:16:14,fire,0.8903,423,224,561,459,492.0,341.5,138,235,97.9,94.4,False
2026-08-10T00:16:14,fire,0.8733,413,244,556,472,484.5,358.0,143,228,97.1,96.0,False
2026-08-10T00:16:15,fire,0.8556,412,237,555,467,483.5,352.0,143,230,97.3,94.8,False
2026-08-10T00:16:16,fire,0.7477,390,2,519,180,454.5,91.0,129,178,94.8,71.8,False
2026-08-10T00:16:16,fire,0.8390,405,0,530,160,467.5,80.0,125,160,97.2,82.3,False
2026-08-10T00:16:25,fire,0.8738,393,0,548,203,470.5,101.5,155,203,180.0,0.0,False
2026-08-10T00:16:26,fire,0.8549,391,8,542,230,466.5,119.0,151,222,96.6,84.6,False
2026-08-10T00:16:28,fire,0.8353,291,387,333,449,312.0,418.0,42,62,90.0,180.0,False
2026-08-10T00:16:46,fire,0.4137,565,0,639,46,602.0,23.0,74,46,180.0,0.0,False
2026-08-10T00:16:51,fire,0.4651,1,132,181,479,91.0,305.5,180,347,0.0,180.0,False
2026-08-10T00:17:27,fire,0.7846,46,426,187,479,116.5,452.5,141,53,0.0,90.0,False
2026-08-10T00:17:29,fire,0.4256,108,455,168,479,138.0,467.0,60,24,0.0,90.0,False
2026-08-10T00:17:31,fire,0.6906,96,350,236,479,166.0,414.5,140,129,0.0,90.0,False
2026-08-10T00:17:31,fire,0.5619,108,339,248,479,178.0,409.0,140,140,84.1,90.0,False
2026-08-10T00:17:34,fire,0.5138,129,414,251,479,190.0,446.5,122,65,0.0,90.0,False
2026-08-10T00:17:46,fire,0.8712,343,0,512,216,427.5,108.0,169,216,180.0,90.0,False
2026-08-10T00:17:47,fire,0.8254,236,0,435,289,335.5,144.5,199,289,86.6,90.0,False
2026-08-10T00:17:47,fire,0.8248,220,0,463,325,341.5,162.5,243,325,91.2,90.0,False
2026-08-10T00:17:48,fire,0.6266,202,0,474,350,338.0,175.0,272,350,90.7,90.0,False
2026-08-10T00:17:49,fire,0.7496,220,0,469,331,344.5,165.5,249,331,91.1,90.0,False
2026-08-10T00:17:53,fire,0.6227,360,42,591,379,475.5,210.5,231,337,180.0,90.0,False
2026-08-10T00:17:54,fire,0.7026,362,40,625,378,493.5,209.0,263,338,98.6,90.0,False
2026-08-10T00:17:55,fire,0.7302,365,45,596,352,480.5,198.5,231,307,96.6,90.0,False
2026-08-10T00:17:55,fire,0.6967,318,29,573,376,445.5,202.5,255,347,94.1,90.0,False
2026-08-10T00:17:56,fire,0.6722,320,35,563,356,441.5,195.5,243,321,95.3,90.0,False
2026-08-10T00:17:57,fire,0.6829,297,33,554,377,425.5,205.0,257,344,94.7,90.0,False
2026-08-10T00:17:59,fire,0.8727,147,35,223,135,185.0,85.0,76,100,0.0,90.0,False
2026-08-10T00:58:26,fire,0.7826,140,2,505,203,322.5,102.5,365,201,90.0,0.0,False
2026-08-10T00:58:27,fire,0.8030,150,2,503,207,326.5,104.5,353,205,90.0,84.0,False
2026-08-10T00:58:28,fire,0.8266,138,2,513,235,325.5,118.5,375,233,90.0,85.1,False
2026-08-10T00:58:29,fire,0.6686,182,1,505,237,343.5,119.0,323,236,88.9,84.6,False
2026-08-10T00:58:33,fire,0.7996,171,168,421,479,296.0,323.5,250,311,180.0,180.0,False
2026-08-10T00:58:33,fire,0.8514,173,180,420,479,296.5,329.5,247,299,91.0,94.3,False
2026-08-10T00:58:47,fire,0.4535,165,179,441,479,303.0,329.0,276,300,180.0,180.0,False
2026-08-10T00:58:48,fire,0.7606,236,190,468,479,352.0,334.5,232,289,86.4,94.5,False
2026-08-10T00:58:48,fire,0.8024,240,211,460,479,350.0,345.0,220,268,88.7,95.2,False
2026-08-10T00:58:50,fire,0.7870,239,211,455,479,347.0,345.0,216,268,0.0,180.0,False
2026-08-10T00:58:52,fire,0.7072,305,327,525,479,415.0,403.0,220,152,0.0,180.0,False
2026-08-10T00:58:52,fire,0.6202,296,220,591,479,443.5,349.5,295,259,83.2,92.5,False
2026-08-10T00:58:53,fire,0.5982,179,148,639,479,409.0,313.5,460,331,87.5,91.8,False
2026-08-10T00:58:54,fire,0.5640,236,176,639,479,437.5,327.5,403,303,83.5,94.5,False
2026-08-10T00:58:56,fire,0.4252,174,10,639,381,406.5,195.5,465,371,0.0,0.0,False
2026-08-10T00:59:02,fire,0.6463,283,92,485,349,384.0,220.5,202,257,0.0,0.0,False
2026-08-10T00:59:03,fire,0.7964,310,45,519,343,414.5,194.0,209,298,84.4,86.7,False
2026-08-10T00:59:03,fire,0.7811,302,54,521,337,411.5,195.5,219,283,86.0,88.1,False
2026-08-10T00:59:04,fire,0.8025,295,65,520,349,407.5,207.0,225,284,86.2,89.0,False
2026-08-10T00:59:05,fire,0.7943,297,65,520,350,408.5,207.5,223,285,86.0,88.5,False
2026-08-10T00:59:08,fire,0.5425,240,442,304,479,272.0,460.5,64,37,180.0,180.0,False
2026-08-10T00:59:37,fire,0.5274,460,261,524,429,492.0,345.0,64,168,0.0,180.0,False
2026-08-10T00:59:59,fire,0.4156,201,131,628,479,414.5,305.0,427,348,0.0,180.0,False
2026-08-10T00:59:59,fire,0.7305,293,157,637,479,465.0,318.0,344,322,81.2,94.1,False
2026-08-10T01:00:00,fire,0.8365,287,162,637,479,462.0,320.5,350,317,83.6,93.6,False
2026-08-10T01:00:00,fire,0.8064,271,182,638,479,454.5,330.5,367,297,84.2,94.4,False
2026-08-10T01:00:02,fire,0.5549,391,0,639,347,515.0,173.5,248,347,0.0,0.0,False
2026-08-10T01:00:03,fire,0.6283,412,19,639,352,525.5,185.5,227,333,80.7,87.6,False
2026-08-10T01:00:03,fire,0.4592,423,19,639,350,531.0,184.5,216,331,80.3,87.5,False
2026-08-10T01:00:04,fire,0.4451,424,66,639,420,531.5,243.0,215,354,80.5,92.5,False
2026-08-10T01:00:04,fire,0.7553,89,355,172,479,130.5,417.0,83,124,115.7,105.5,False
2026-08-10T01:00:05,fire,0.4402,439,26,639,372,539.0,199.0,200,346,62.8,78.9,False
2026-08-10T01:00:06,fire,0.6048,454,28,639,372,546.5,200.0,185,344,79.8,88.2,False
2026-08-10T01:00:06,fire,0.6989,105,367,170,468,137.5,417.5,65,101,116.6,107.7,False
2026-08-10T01:00:26,fire,0.6594,224,0,637,352,430.5,176.0,413,352,0.0,0.0,False
2026-08-10T01:00:28,fire,0.6459,301,82,639,423,470.0,252.5,338,341,83.1,90.2,False
2026-08-10T01:00:28,fire,0.6253,350,57,639,399,494.5,228.0,289,342,81.1,90.0,False
2026-08-10T01:00:29,fire,0.5173,322,135,639,479,480.5,307.0,317,344,82.8,93.2,False
2026-08-10T01:00:29,fire,0.6970,337,57,639,401,488.0,229.0,302,344,82.1,87.0,False
2026-08-10T01:00:30,fire,0.6697,337,56,639,402,488.0,229.0,302,346,82.4,90.0,False
2026-08-10T01:00:31,fire,0.6959,88,0,196,90,142.0,45.0,108,90,180.0,0.0,False
2026-08-10T01:00:32,fire,0.5203,87,0,196,90,141.5,45.0,109,90,98.1,81.2,False
2026-08-10T01:00:34,fire,0.6017,256,282,637,479,446.5,380.5,381,197,0.0,180.0,False
2026-08-10T01:18:22,fire,0.6858,287,118,481,401,384.0,259.5,194,283,92.9,90.9,False
2026-08-10T01:18:22,fire,0.8196,280,80,441,326,369.9,225.6,161,246,92.2,90.0,False
2026-08-10T01:18:24,fire,0.8228,302,144,455,363,371.3,233.3,153,219,92.3,90.0,False
2026-08-10T01:18:25,fire,0.8349,91,242,271,479,181.0,360.5,180,237,83.7,95.4,False
2026-08-10T01:18:26,fire,0.7821,258,295,452,479,285.4,376.4,194,184,88.4,96.1,False
2026-08-10T01:18:26,fire,0.8359,49,0,269,172,236.7,206.3,220,172,86.3,88.5,False
2026-08-10T01:18:27,fire,0.9045,225,181,415,442,320.0,311.5,190,261,90.0,93.2,False
2026-08-10T01:18:28,fire,0.8795,216,202,398,464,312.2,324.4,182,262,90.0,93.8,False
2026-08-10T01:18:29,fire,0.8693,205,210,396,473,303.1,338.1,191,263,89.2,94.4,False
2026-08-10T01:18:30,fire,0.8716,208,137,394,389,300.8,294.4,186,252,89.1,92.4,False
2026-08-10T01:18:38,fire,0.6900,220,0,519,196,369.5,98.0,299,196,92.2,83.6,False
2026-08-10T01:18:39,fire,0.8344,237,0,506,166,370.7,89.0,269,166,92.3,83.2,False
2026-08-10T01:18:40,fire,0.8418,249,0,516,166,378.1,83.0,267,166,92.6,82.9,False
2026-08-10T01:18:41,fire,0.8244,258,0,516,165,385.2,82.7,258,165,92.9,82.9,False
2026-08-10T01:18:42,fire,0.8192,259,0,513,164,386.4,82.2,254,164,93.0,82.9,False
2026-08-10T01:18:42,fire,0.8052,259,0,515,163,386.6,81.7,256,163,93.0,82.9,False
2026-08-10T01:18:43,fire,0.7966,257,0,516,161,386.7,80.9,259,161,93.0,82.8,False
2026-08-10T01:18:44,fire,0.8252,292,0,504,105,393.4,63.7,212,105,93.3,82.1,False
2026-08-10T01:37:42,fire,0.5025,599,0,639,92,619.0,46.0,40,92,103.5,81.3,False
2026-08-10T01:37:42,fire,0.7889,583,0,639,93,614.2,46.3,56,93,103.2,81.3,False
2026-08-10T01:37:43,fire,0.8070,590,0,639,90,613.1,45.6,49,90,103.2,81.3,False
2026-08-10T01:37:44,fire,0.7415,555,0,639,76,604.0,40.8,84,76,102.8,81.0,False
2026-08-10T01:37:44,fire,0.7872,486,0,639,113,576.4,49.1,153,113,101.5,81.4,False
2026-08-10T01:37:48,fire,0.8009,0,0,453,189,226.5,94.5,453,189,85.8,83.5,False
2026-08-10T01:37:48,fire,0.8045,1,0,417,189,216.0,94.5,416,189,85.3,83.5,False
2026-08-10T01:37:49,fire,0.8033,2,0,415,188,208.7,94.2,413,188,85.0,83.4,False
2026-08-10T01:37:51,fire,0.7975,0,0,449,190,218.1,94.6,449,190,85.4,83.5,False
2026-08-10T01:37:51,fire,0.7973,0,0,476,190,232.6,95.0,476,190,86.1,83.5,False
2026-08-10T01:38:05,fire,0.5215,183,0,639,58,411.0,29.0,456,58,94.1,80.5,False
2026-08-10T01:38:06,fire,0.4768,76,0,594,114,365.4,45.8,518,114,92.0,81.3,False
2026-08-10T01:38:07,fire,0.6999,24,1,638,166,332.6,72.9,614,165,90.0,82.5,False
2026-08-10T01:38:08,fire,0.7847,493,0,639,122,566.0,61.0,146,122,101.1,81.9,False
2026-08-10T01:38:08,fire,0.6003,513,0,639,114,572.0,58.6,126,114,101.3,81.8,False
2026-08-10T01:38:10,fire,0.5815,513,0,639,110,576.0,55.8,126,110,101.5,81.7,False
2026-08-10T01:38:13,fire,0.7137,12,1,599,188,305.5,94.5,587,187,90.0,83.5,False
2026-08-10T01:38:13,fire,0.7685,93,2,588,205,326.5,99.9,495,203,90.0,83.7,False
2026-08-10T01:38:15,fire,0.7932,0,1,577,210,288.5,105.5,577,209,88.6,83.9,False
2026-08-10T01:38:16,fire,0.8062,0,2,586,207,291.2,104.9,586,205,88.7,83.9,False
2026-08-10T01:38:16,fire,0.8113,0,1,562,206,285.8,103.9,562,205,88.5,83.9,False
2026-08-10T01:38:18,fire,0.7750,0,1,573,206,284.3,103.5,573,205,88.4,83.9,False
2026-08-10T01:38:18,fire,0.8756,0,0,276,210,197.4,104.4,276,210,84.5,83.9,False
2026-08-10T01:38:19,fire,0.9038,0,0,279,207,139.1,104.1,279,207,81.9,83.9,False
2026-08-10T01:38:19,fire,0.9059,0,0,279,208,139.5,103.8,279,208,81.9,83.9,False
2026-08-10T01:38:20,fire,0.8995,0,0,279,207,139.5,103.7,279,207,81.9,83.9,False
2026-08-10T01:38:21,fire,0.9063,0,0,279,207,139.5,103.5,279,207,81.9,83.9,False
2026-08-10T01:38:22,fire,0.9020,0,0,279,208,139.5,103.8,279,208,81.9,83.9,False
2026-08-10T01:38:22,fire,0.9043,1,0,280,208,140.1,104.0,279,208,81.9,83.9,False
2026-08-10T01:38:23,fire,0.9113,0,0,286,198,142.0,101.0,286,198,82.0,83.7,False
2026-08-10T01:39:41,fire,0.6933,168,0,421,119,294.5,59.5,253,119,1.1,88.5,False
2026-08-10T01:39:42,fire,0.8082,12,0,526,174,269.0,87.0,514,174,2.6,87.0,False
2026-08-10T01:39:43,fire,0.7996,1,0,534,175,267.5,87.5,533,175,4.1,85.5,False
2026-08-10T01:39:44,fire,0.8347,0,0,417,191,208.5,95.5,417,191,5.6,84.0,False
2026-08-10T01:39:45,fire,0.8282,0,0,414,195,207.0,97.5,414,195,7.1,82.5,False
2026-08-10T01:39:45,fire,0.8094,8,1,443,192,225.5,96.5,435,191,8.6,81.0,False
2026-08-10T01:39:46,fire,0.8571,1,0,384,184,192.5,92.0,383,184,10.1,79.5,False
2026-08-10T01:39:47,fire,0.8144,1,0,405,180,203.0,90.0,404,180,11.6,78.0,False
2026-08-10T01:39:48,fire,0.8378,1,0,400,179,200.5,89.5,399,179,13.1,76.5,False
2026-08-10T01:39:49,fire,0.8417,0,0,387,177,193.5,88.5,387,177,14.6,75.0,False
2026-08-10T01:39:49,fire,0.8366,0,0,393,180,196.5,90.0,393,180,16.1,73.5,False
2026-08-10T01:39:50,fire,0.8414,0,0,394,179,197.0,89.5,394,179,17.6,72.0,False
2026-08-10T01:39:51,fire,0.8475,0,0,390,180,195.0,90.0,390,180,1.5,0.0,False
2026-08-10T01:39:52,fire,0.8305,0,0,390,179,195.0,89.5,390,179,3.0,0.0,False
2026-08-10T01:39:53,fire,0.8457,0,0,390,179,195.0,89.5,390,179,4.5,0.0,False
2026-08-10T01:39:53,fire,0.8676,12,0,383,165,197.5,82.5,371,165,6.0,0.0,False
2026-08-10T01:40:20,fire,0.9020,223,1,628,207,425.5,104.0,405,206,88.5,0.0,False
2026-08-10T01:40:22,fire,0.8503,0,1,421,207,210.5,104.0,421,206,1.5,0.0,False
2026-08-10T01:40:22,fire,0.8688,0,0,419,206,209.5,103.0,419,206,3.0,0.0,False
2026-08-10T01:40:23,fire,0.8783,0,0,419,206,209.5,103.0,419,206,4.5,0.0,False
2026-08-10T01:40:26,fire,0.5689,127,2,566,211,346.5,106.5,439,209,0.0,0.0,False
2026-08-10T01:40:42,fire,0.4209,16,202,639,479,327.5,340.5,623,277,180.0,91.5,False
2026-08-10T01:45:08,fire,0.4002,449,0,559,27,504.0,13.5,110,27,0.0,0.0,False
2026-08-10T01:45:09,fire,0.6826,450,0,567,37,506.7,16.5,117,37,44.8,35.7,False
2026-08-10T01:45:10,fire,0.6187,447,0,563,41,506.4,19.7,116,41,44.9,36.4,False
2026-08-10T01:45:10,fire,0.7328,56,0,288,75,305.2,30.7,232,75,102.8,39.8,False
2026-08-10T01:45:11,fire,0.8307,83,0,302,68,184.8,35.4,219,68,122.2,40.3,False
2026-08-10T01:45:21,fire,0.5990,0,0,89,149,44.5,74.5,89,149,180.0,0.0,False
2026-08-10T01:45:22,fire,0.7373,0,0,166,160,67.6,77.8,166,160,151.4,51.0,False
2026-08-10T01:45:23,fire,0.5615,0,0,190,154,90.0,78.2,190,154,145.9,51.0,False
2026-08-10T01:45:24,fire,0.9014,241,0,639,209,440.0,104.5,398,209,0.0,0.0,False
2026-08-10T01:45:25,fire,0.8791,0,0,276,193,258.8,99.7,276,193,104.9,56.4,False
2026-08-10T01:45:26,fire,0.8971,0,0,274,192,140.5,96.3,274,192,133.8,55.5,False
2026-08-10T01:45:26,fire,0.9003,1,0,274,192,137.4,96.0,273,192,134.1,55.5,False
2026-08-10T01:45:27,fire,0.8950,1,0,275,194,137.8,96.6,274,194,134.0,55.7,False
2026-08-10T01:45:27,fire,0.8957,1,0,275,195,138.0,97.3,274,195,134.0,55.9,False
2026-08-10T01:45:28,fire,0.8911,0,0,275,194,137.7,97.2,275,194,134.1,55.8,False
2026-08-10T01:45:29,fire,0.8955,1,0,275,194,137.8,97.0,274,194,134.0,55.8,False
2026-08-10T01:45:30,fire,0.8921,1,0,275,193,138.0,96.7,274,193,134.0,55.6,False
2026-08-10T01:45:30,fire,0.8980,1,0,274,193,137.7,96.5,273,193,134.1,55.6,False
2026-08-10T01:45:31,fire,0.8929,1,0,274,193,137.5,96.5,273,193,134.1,55.6,False
2026-08-10T01:45:32,fire,0.8945,1,0,275,194,137.8,96.8,274,194,134.0,55.7,False
2026-08-10T01:49:24,fire,0.8351,379,0,639,84,509.0,42.0,260,84,180.0,0.0,False
2026-08-10T01:49:24,fire,0.8680,376,0,639,86,508.1,42.6,263,86,135.2,42.4,False
2026-08-10T01:49:25,fire,0.8430,304,0,639,83,485.9,42.1,335,83,126.9,41.9,False
2026-08-10T01:49:25,fire,0.8544,290,0,639,125,467.4,54.1,349,125,124.7,46.8,False
2026-08-10T01:49:26,fire,0.8979,294,0,639,133,465.7,64.8,345,133,125.0,48.0,False
2026-08-10T01:49:27,fire,0.9006,294,0,639,133,466.5,66.5,345,133,125.1,48.1,False
2026-08-10T01:49:27,fire,0.8954,294,0,639,134,466.5,66.8,345,134,125.1,48.2,False
2026-08-10T01:49:28,fire,0.9023,296,0,639,133,467.1,66.7,343,133,125.4,48.1,False
2026-08-10T01:49:30,fire,0.8133,512,0,639,150,575.5,75.0,127,150,180.0,0.0,False
2026-08-10T01:49:30,fire,0.8276,514,0,639,150,576.1,75.0,125,150,152.5,50.5,False
2026-08-10T01:49:31,fire,0.7703,537,0,639,153,583.4,75.9,102,153,155.2,50.6,False
2026-08-10T01:49:32,fire,0.7580,542,0,639,153,589.5,76.5,97,153,156.1,50.6,False
2026-08-10T01:49:33,fire,0.7641,543,0,639,152,590.8,76.2,96,152,156.2,50.5,False
2026-08-10T01:49:34,fire,0.7239,543,0,639,152,591.0,76.0,96,152,156.2,50.5,False
2026-08-10T01:49:36,fire,0.6953,536,1,639,152,587.5,76.5,103,151,180.0,0.0,False
2026-08-10T01:49:36,fire,0.8035,534,0,639,165,586.9,80.1,105,165,155.0,52.3,False
2026-08-10T01:49:36,fire,0.7909,542,1,639,174,588.9,85.5,97,173,156.1,53.3,False
2026-08-10T01:49:38,fire,0.7470,546,0,639,186,591.7,90.8,93,186,156.4,54.2,False
2026-08-10T01:49:38,fire,0.7598,546,0,639,184,592.5,92.3,93,184,156.6,54.5,False
2026-08-10T01:49:39,fire,0.7576,548,1,639,183,593.1,92.0,91,182,156.9,54.5,False
2026-08-10T01:49:39,fire,0.7609,547,1,639,186,593.2,92.9,92,185,156.8,54.9,False
2026-08-10T01:49:40,fire,0.7419,550,0,639,186,593.9,93.2,89,186,157.1,54.8,False
2026-08-10T01:49:41,fire,0.7518,550,0,639,186,594.5,93.0,89,186,157.1,54.8,False
2026-08-10T01:49:41,fire,0.7466,549,0,639,186,594.2,93.0,90,186,157.0,54.8,False
2026-08-10T01:49:42,fire,0.8088,538,1,639,189,590.7,94.2,101,188,155.7,55.2,False
2026-08-10T01:49:43,fire,0.7873,538,0,639,195,588.5,96.5,101,195,155.6,55.8,False
2026-08-10T01:49:44,fire,0.7124,539,0,639,195,588.8,97.5,100,195,155.7,55.9,False
2026-08-10T01:49:46,fire,0.8827,253,1,639,215,446.0,108.0,386,214,180.0,0.0,False
2026-08-10T01:49:47,fire,0.8883,253,1,639,218,446.0,108.9,386,217,120.0,58.7,False
2026-08-10T01:49:48,fire,0.8355,249,1,639,227,444.0,114.0,390,226,180.0,0.0,False
2026-08-10T01:49:49,fire,0.7708,248,0,639,270,443.7,126.6,391,270,119.1,65.2,False
2026-08-10T01:59:57,fire,0.8272,466,0,639,117,552.5,58.5,173,117,2.0,0.0,False
2026-08-10T01:59:57,fire,0.7375,466,0,639,120,552.5,59.4,173,120,4.0,0.0,False
2026-08-10T01:59:58,fire,0.8589,287,0,526,99,464.9,53.7,239,99,6.0,0.0,False
2026-08-10T01:59:59,fire,0.8929,285,0,521,101,405.0,50.1,236,101,8.0,0.0,False
2026-08-10T02:00:00,fire,0.8787,286,0,514,100,401.2,50.2,228,100,10.0,0.0,False
2026-08-10T02:00:00,fire,0.8852,285,0,514,106,399.7,51.8,229,106,12.0,0.0,False
2026-08-10T02:00:01,fire,0.8781,283,0,513,106,398.6,53.0,230,106,14.0,0.0,False
2026-08-10T02:00:02,fire,0.8882,284,0,513,106,398.3,53.0,229,106,16.0,0.0,False
2026-08-10T02:00:03,fire,0.8829,284,0,513,106,398.5,53.0,229,106,18.0,0.0,False
2026-08-10T02:00:04,fire,0.8736,284,0,514,107,398.8,53.3,230,107,20.0,0.0,False
2026-08-10T02:00:04,fire,0.8691,283,0,514,106,398.7,53.2,231,106,22.0,0.0,False
2026-08-10T02:00:05,fire,0.8725,284,0,515,107,399.1,53.3,231,107,24.0,0.0,False
2026-08-10T02:00:06,fire,0.8917,287,0,517,105,401.0,52.9,230,105,26.0,0.0,False
2026-08-10T02:00:06,fire,0.8853,287,0,517,106,402.0,52.8,230,106,28.0,0.0,False
2026-08-10T02:00:07,fire,0.8917,287,0,518,106,402.3,53.0,231,106,30.0,0.0,False
2026-08-10T02:00:09,fire,0.8979,287,0,513,102,400.0,51.0,226,102,2.0,0.0,False
2026-08-10T02:00:15,fire,0.7214,478,0,639,117,558.5,58.5,161,117,2.0,178.0,False
2026-08-10T02:00:16,fire,0.6227,476,0,639,126,557.5,63.0,163,126,2.0,0.0,False
2026-08-10T02:00:17,fire,0.6833,478,0,639,125,558.1,62.7,161,125,4.0,0.0,False
2026-08-10T02:00:17,fire,0.7991,478,0,639,127,558.5,63.1,161,127,6.0,0.0,False
2026-08-10T02:00:23,fire,0.8055,557,0,639,164,598.0,82.0,82,164,2.0,178.0,False
2026-08-10T02:00:24,fire,0.7197,558,0,639,160,598.3,80.8,81,160,4.0,176.0,False
2026-08-10T02:00:24,fire,0.6339,563,1,639,165,600.0,81.8,76,164,6.0,174.0,False
2026-08-10T02:04:16,fire,0.5961,292,0,514,54,403.0,27.0,222,54,89.0,86.5,False
2026-08-10T02:04:17,fire,0.4736,415,0,500,19,457.5,9.5,85,19,87.2,82.6,False
2026-08-10T02:04:18,fire,0.4787,365,0,464,26,414.5,13.0,99,26,86.1,78.8,False
2026-08-10T02:04:19,fire,0.5006,357,0,469,29,413.0,14.5,112,29,84.9,75.1,False
2026-08-10T02:04:19,fire,0.6334,291,0,475,44,383.0,22.0,184,44,84.1,71.4,False
2026-08-10T02:04:20,fire,0.7349,272,0,481,48,376.5,24.0,209,48,83.4,67.8,False
2026-08-10T02:04:21,fire,0.6966,283,0,484,46,383.5,23.0,201,46,82.6,64.2,False
2026-08-10T02:04:22,fire,0.6949,292,0,500,48,396.0,24.0,208,48,81.7,60.6,False
2026-08-10T02:04:22,fire,0.7368,270,0,502,54,386.0,27.0,232,54,80.8,57.1,False
2026-08-10T02:04:23,fire,0.8825,277,0,501,82,389.0,41.0,224,82,80.0,53.8,False
2026-08-10T02:04:24,fire,0.8434,280,0,504,99,392.0,49.5,224,99,79.1,50.6,False
2026-08-10T02:04:25,fire,0.8653,336,0,548,128,442.0,64.0,212,128,77.5,47.6,False
2026-08-10T16:02:07,fire,0.8060,206,180,349,305,277.5,242.5,143,125,90.5,90.0,False
2026-08-10T16:02:08,fire,0.8563,174,182,347,336,260.5,259.0,173,154,91.3,90.3,False
2026-08-10T16:02:09,fire,0.8756,170,182,348,341,259.0,261.5,178,159,92.0,90.7,False
2026-08-10T16:02:09,fire,0.8921,174,188,352,344,263.0,266.0,178,156,92.8,91.1,False
2026-08-10T16:02:10,fire,0.8882,175,192,349,345,262.0,268.5,174,153,93.5,91.6,False
2026-08-10T16:03:23,fire,0.7473,169,0,378,265,273.5,132.5,209,265,90.6,88.2,False
2026-08-10T16:03:27,fire,0.4157,3,0,319,332,161.0,166.0,316,332,92.6,87.0,False
2026-08-10T16:03:30,fire,0.4438,64,24,347,341,205.5,182.5,283,317,94.0,86.0,False
2026-08-10T16:15:17,fire,0.4102,257,71,618,183,437.5,127.0,361,112,57.0,47.6,
2026-08-10T16:15:27,fire,0.4425,13,213,423,479,218.0,346.0,410,266,118.7,129.8,
2026-08-10T16:15:28,fire,0.6716,103,234,523,454,275.0,344.8,420,220,102.7,129.3,
2026-08-10T16:15:30,fire,0.5616,108,234,455,479,281.5,356.5,347,245,100.8,133.7,
2026-08-10T16:15:41,fire,0.5569,409,261,638,472,523.5,366.5,229,211,32.8,137.4,
